Fecha,Año,Tienda,Categoría,Cantidad,Costo_Unitario,Costo_Total,Precio_Venta_Unitario,Ingreso_Total,Ganancia_Neta
2024-01-01,2024.0,Portal de las Flores,Girasoles,30.0,12.61,378.3,17.36,520.8,142.5
2024-01-01,2024.0,Portal de las Flores,Tulipanes,,25.58,792.98,38.65,1198.15,405.17
2024-01-01,2024.0,EcoFlores Norte,Orquídeas,39.0,47.51,1852.89,63.08,2460.12,607.23
2024-01-01,2024.0,Jardín Express,Girasoles,39.0,11.0,429.0,17.7,690.3,261.3
2024-01-02,2024.0,Florería Central,Girasoles,46.0,16.07,739.22,26.7,1228.2,488.98
2024-01-02,2024.0,Portal de las Flores,Lirios,12.0,20.29,243.48,29.87,358.44,114.96
2024-01-02,2024.0,Portal de las Flores,Rosas,16.0,17.03,272.48,25.99,415.84,143.36
2024-01-03,2024.0,EcoFlores Norte,Orquídeas,3.0,52.4,157.2,71.57,214.71,57.51
2024-01-03,2024.0,Portal de las Flores,Rosas,24.0,15.98,383.52,26.23,629.52,246.0
2024-01-03,2024.0,Portal de las Flores,Tulipanes,23.0,24.05,553.15,39.59,910.57,357.42
2024-01-04,2024.0,Florería Central,Lirios,,20.84,375.12,31.71,570.78,195.66
2024-01-04,2024.0,EcoFlores Norte,Girasoles,2.0,10.41,20.82,17.13,34.26,13.44
2024-01-05,2024.0,Portal de las Flores,Lirios,36.0,15.03,541.08,21.12,760.32,219.24
2024-01-05,2024.0,EcoFlores Norte,Rosas,32.0,15.24,487.68,21.86,699.52,211.84
2024-01-05,2024.0,EcoFlores Norte,Orquídeas,,55.81,725.53,90.54,1177.02,451.49
2024-01-05,2024.0,EcoFlores Norte,Lirios,44.0,20.98,923.12,32.93,1448.92,525.8
2024-01-05,2024.0,EcoFlores Norte,Rosas,9.0,20.38,183.42,33.94,305.46,122.04
2024-01-06,2024.0,Florería Central,Rosas,24.0,16.47,395.28,23.37,560.88,165.6
2024-01-07,2024.0,EcoFlores Norte,Rosas,7.0,18.23,127.61,27.67,193.69,66.08
2024-01-07,2024.0,Florería Central,Lirios,7.0,20.57,143.99,33.03,231.21,87.22
2024-01-08,2024.0,EcoFlores Norte,Girasoles,36.0,13.31,479.16,20.9,752.4,273.24
2024-01-08,2024.0,Portal de las Flores,Tulipanes,25.0,24.66,616.5,37.86,946.5,330.0
2024-01-08,2024.0,Portal de las Flores,Rosas,24.0,24.65,591.6,34.74,833.76,242.16
2024-01-09,2024.0,Jardín Express,Girasoles,42.0,15.59,654.78,25.5,1071.0,416.22
2024-01-09,2024.0,Portal de las Flores,Tulipanes,13.0,19.84,257.92,30.34,394.42,136.5
2024-01-10,2024.0,Jardín Express,Lirios,2.0,13.21,26.42,20.98,41.96,15.54
2024-01-10,2024.0,EcoFlores Norte,Rosas,43.0,999.0,776.58,23.77,1022.11,245.53
2024-01-11,2024.0,EcoFlores Norte,Tulipanes,28.0,26.32,736.96,42.28,1183.84,446.88
2024-01-11,2024.0,Portal de las Flores,Lirios,47.0,14.37,675.39,23.8,1118.6,443.21
2024-01-11,2024.0,Portal de las Flores,Girasoles,40.0,13.45,538.0,19.04,761.6,223.6
2024-01-12,2024.0,Portal de las Flores,Rosas,26.0,24.37,633.62,34.72,902.72,269.1
2024-01-12,2024.0,Florería Central,Rosas,6.0,23.0,138.0,32.97,197.82,59.82
2024-01-12,2024.0,Jardín Express,Tulipanes,38.0,18.79,714.02,29.91,1136.58,422.56
2024-01-13,2024.0,Portal de las Flores,Lirios,12.0,17.07,204.84,28.04,336.48,131.64
2024-01-14,2024.0,Jardín Express,Girasoles,28.0,11.6,324.8,18.24,510.72,185.92
2024-01-15,2024.0,Florería Central,Orquídeas,38.0,37.66,1431.08,61.34,2330.92,899.84
2024-01-15,2024.0,,Girasoles,7.0,12.44,87.08,16.57,115.99,28.91
2024-01-15,2024.0,Jardín Express,Orquídeas,3.0,39.22,117.66,51.83,155.49,37.83
2024-01-15,2024.0,EcoFlores Norte,Tulipanes,43.0,18.22,783.46,25.11,1079.73,296.27
2024-01-15,2024.0,Portal de las Flores,Lirios,47.0,14.83,697.01,20.93,983.71,286.7
2024-01-16,2024.0,EcoFlores Norte,Orquídeas,10.0,52.24,522.4,70.92,709.2,186.8
2024-01-16,2024.0,Florería Central,Girasoles,28.0,15.11,423.08,24.8,694.4,271.32
2024-01-16,2024.0,Florería Central,Tulipanes,,27.68,858.08,36.02,1116.62,258.54
2024-01-17,2024.0,Portal de las Flores,Lirios,21.0,12.84,269.64,20.21,424.41,154.77
2024-01-17,2024.0,Portal de las Flores,Orquídeas,40.0,43.15,1726.0,69.77,2790.8,1064.8
2024-01-17,2024.0,Jardín Express,Girasoles,,15.58,482.98,20.82,645.42,162.44
2024-01-17,2024.0,EcoFlores Norte,Lirios,36.0,20.19,726.84,27.19,978.84,252.0
2024-01-18,2024.0,EcoFlores Norte,Tulipanes,17.0,24.01,408.17,38.84,660.28,252.11
2024-01-18,2024.0,Portal de las Flores,Rosas,46.0,24.04,1105.84,31.26,1437.96,332.12
2024-01-19,2024.0,Portal de las Flores,Rosas,48.0,19.86,953.28,30.31,1454.88,501.6
2024-01-19,2024.0,EcoFlores Norte,Rosas,8.0,19.26,154.08,29.26,234.08,80.0
2024-01-20,2024.0,Florería Central,Rosas,38.0,19.72,749.36,32.58,1238.04,488.68
2024-01-20,2024.0,Portal de las Flores,Girasoles,5.0,12.02,60.1,17.58,87.9,27.8
2024-01-21,2024.0,EcoFlores Norte,Orquídeas,4.0,49.94,199.76,80.58,322.32,122.56
2024-01-21,2024.0,Florería Central,Orquídeas,48.0,52.71,2530.08,86.17,4136.16,1606.08
2024-01-22,2024.0,EcoFlores Norte,Tulipanes,3.0,23.4,70.2,35.84,107.52,37.32
2024-01-22,2024.0,Portal de las Flores,Orquídeas,15.0,46.79,701.85,70.99,1064.85,363.0
2024-01-23,2024.0,Portal de las Flores,Lirios,11.0,19.22,211.42,26.32,289.52,78.1
2024-01-23,2024.0,Portal de las Flores,Girasoles,27.0,14.75,398.25,22.73,613.71,215.46
2024-01-23,2024.0,EcoFlores Norte,Tulipanes,47.0,26.61,1250.67,39.31,1847.57,596.9
2024-01-23,2024.0,Florería Central,Rosas,28.0,19.05,533.4,25.29,708.12,174.72
2024-01-25,2024.0,EcoFlores Norte,Tulipanes,21.0,25.93,544.53,41.45,870.45,325.92
2024-01-25,2024.0,Florería Central,Girasoles,38.0,10.76,408.88,18.29,695.02,286.14
2024-01-25,2024.0,,Lirios,13.0,19.91,258.83,29.5,383.5,124.67
2024-01-25,2024.0,Florería Central,Tulipanes,36.0,26.19,942.84,40.63,1462.68,519.84
2024-01-26,2024.0,Florería Central,Girasoles,16.0,12.37,197.92,17.35,277.6,79.68
2024-01-26,2024.0,Portal de las Flores,Lirios,7.0,15.39,107.73,23.36,163.52,55.79
2024-01-27,2024.0,Jardín Express,Rosas,4.0,16.67,66.68,28.15,112.6,45.92
2024-01-27,2024.0,Portal de las Flores,Rosas,29.0,24.99,724.71,34.24,992.96,268.25
2024-01-28,2024.0,Jardín Express,Lirios,29.0,15.03,435.87,24.24,702.96,267.09
2024-01-28,2024.0,Portal de las Flores,Tulipanes,39.0,26.69,1040.91,34.87,1359.93,319.02
2024-01-28,2024.0,Florería Central,Tulipanes,42.0,28.71,1205.82,48.29,2028.18,822.36
2024-01-28,2024.0,EcoFlores Norte,Lirios,32.0,21.32,682.24,35.68,1141.76,459.52
2024-01-29,2024.0,,Girasoles,20.0,10.32,206.4,14.91,298.2,91.8
2024-01-29,2024.0,Jardín Express,Orquídeas,8.0,41.39,331.12,59.84,478.72,147.6
2024-01-29,2024.0,EcoFlores Norte,Girasoles,3.0,13.75,41.25,22.76,68.28,27.03
2024-01-29,2024.0,EcoFlores Norte,Rosas,28.0,21.18,593.04,33.18,929.04,336.0
2024-01-29,2024.0,Portal de las Flores,Lirios,,14.56,145.6,21.0,210.0,64.4
2024-02-01,2024.0,Portal de las Flores,Orquídeas,,57.05,456.4,96.05,768.4,312.0
2024-02-02,2024.0,,Girasoles,8.0,12.94,103.52,18.6,148.8,45.28
2024-02-02,2024.0,Florería Central,Tulipanes,41.0,23.06,945.46,32.7,1340.7,395.24
2024-02-03,2024.0,Portal de las Flores,Girasoles,34.0,13.69,465.46,23.21,789.14,323.68
2024-02-03,2024.0,Florería Central,Orquídeas,41.0,46.52,1907.32,69.76,2860.16,952.84
2024-02-03,2024.0,Florería Central,Lirios,33.0,21.33,703.89,33.9,1118.7,414.81
2024-02-04,2024.0,,Lirios,14.0,17.15,240.1,24.76,346.64,106.54
2024-02-04,2024.0,Portal de las Flores,Girasoles,13.0,12.41,161.33,18.63,242.19,80.86
2024-02-05,2024.0,Jardín Express,Orquídeas,40.0,55.35,2214.0,85.58,3423.2,1209.2
2024-02-05,2024.0,EcoFlores Norte,Girasoles,41.0,10.42,427.22,16.75,686.75,259.53
2024-02-06,2024.0,EcoFlores Norte,Girasoles,49.0,10.34,506.66,16.5,808.5,301.84
2024-02-06,2024.0,Jardín Express,Rosas,17.0,23.66,402.22,40.04,680.68,278.46
2024-02-06,2024.0,Portal de las Flores,Rosas,28.0,21.97,615.16,35.18,985.04,369.88
2024-02-07,2024.0,Jardín Express,Tulipanes,36.0,22.72,817.92,34.31,1235.16,417.24
2024-02-08,2024.0,Florería Central,Tulipanes,13.0,18.63,242.19,27.57,358.41,116.22
2024-02-08,2024.0,Jardín Express,Girasoles,49.0,15.99,783.51,22.53,1103.97,320.46
2024-02-08,2024.0,Florería Central,Lirios,36.0,16.58,596.88,23.88,859.68,262.8
2024-02-08,2024.0,Jardín Express,Orquídeas,37.0,37.9,1402.3,49.91,1846.67,444.37
2024-02-08,2024.0,EcoFlores Norte,Rosas,24.0,16.39,393.36,25.32,607.68,214.32
2024-02-08,2024.0,Jardín Express,Rosas,31.0,15.78,489.18,23.87,739.97,250.79
2024-02-08,2024.0,Portal de las Flores,Girasoles,35.0,17.51,612.85,25.67,898.45,285.6
2024-02-08,2024.0,Jardín Express,Girasoles,48.0,16.32,783.36,22.8,1094.4,311.04
2024-02-09,2024.0,EcoFlores Norte,Girasoles,17.0,11.55,196.35,17.19,292.23,95.88
2024-02-09,2024.0,EcoFlores Norte,Tulipanes,17.0,18.37,312.29,30.99,526.83,214.54
2024-02-10,2024.0,Jardín Express,Orquídeas,17.0,57.22,972.74,85.46,1452.82,480.08
2024-02-10,2024.0,Florería Central,Orquídeas,34.0,48.17,1637.78,67.36,2290.24,652.46
2024-02-10,2024.0,Portal de las Flores,Tulipanes,15.0,23.81,357.15,35.85,537.75,180.6
2024-02-10,2024.0,Portal de las Flores,Rosas,35.0,20.97,733.95,32.93,1152.55,418.6
2024-02-11,2024.0,Portal de las Flores,Tulipanes,46.0,22.08,1015.68,35.05,1612.3,596.62
2024-02-11,2024.0,EcoFlores Norte,Orquídeas,19.0,56.71,1077.49,82.32,1564.08,486.59
2024-02-11,2024.0,Florería Central,Orquídeas,23.0,44.43,1021.89,72.01,1656.23,634.34
2024-02-11,2024.0,Jardín Express,Girasoles,49.0,11.31,554.19,17.26,845.74,291.55
2024-02-12,2024.0,Florería Central,Tulipanes,11.0,25.14,276.54,36.42,400.62,124.08
2024-02-12,2024.0,Jardín Express,Orquídeas,31.0,55.51,1720.81,90.51,2805.81,1085.0
2024-02-13,2024.0,Florería Central,Lirios,10.0,16.5,165.0,26.44,264.4,99.4
2024-02-15,2024.0,EcoFlores Norte,Orquídeas,35.0,44.9,1571.5,60.76,2126.6,555.1
2024-02-15,2024.0,Florería Central,Lirios,20.0,16.67,333.4,21.9,438.0,104.6
2024-02-16,2024.0,Portal de las Flores,Girasoles,7.0,16.24,113.68,24.78,173.46,59.78
2024-02-16,2024.0,Florería Central,Lirios,18.0,17.94,322.92,23.85,429.3,106.38
2024-02-16,2024.0,Jardín Express,Orquídeas,,51.92,2024.88,68.83,2684.37,659.49
2024-02-16,2024.0,Florería Central,Rosas,6.0,999.0,110.16,31.05,186.3,76.14
2024-02-16,2024.0,EcoFlores Norte,Lirios,45.0,17.85,803.25,24.82,1116.9,313.65
2024-02-16,2024.0,Jardín Express,Girasoles,2.0,13.04,26.08,19.57,39.14,13.06
2024-02-16,2024.0,Florería Central,Orquídeas,4.0,52.72,210.88,72.29,289.16,78.28
2024-02-17,2024.0,Florería Central,Orquídeas,49.0,55.8,2734.2,87.49,4287.01,1552.81
2024-02-17,2024.0,EcoFlores Norte,Rosas,,20.21,485.04,33.52,804.48,319.44
2024-02-18,2024.0,EcoFlores Norte,Rosas,39.0,17.35,676.65,27.08,1056.12,379.47
2024-02-18,2024.0,Jardín Express,Orquídeas,24.0,59.99,1439.76,81.6,1958.4,518.64
2024-02-20,2024.0,Jardín Express,Girasoles,31.0,12.04,373.24,19.35,599.85,226.61
2024-02-20,2024.0,Portal de las Flores,Lirios,24.0,15.41,369.84,25.69,616.56,246.72
2024-02-20,2024.0,Florería Central,Girasoles,18.0,17.42,313.56,23.28,419.04,105.48
2024-02-20,2024.0,Florería Central,Lirios,1000.0,13.19,13190.0,20.43,20430.0,7240.0
2024-02-20,2024.0,EcoFlores Norte,Orquídeas,47.0,40.5,1903.5,54.78,2574.66,671.16
2024-02-22,2024.0,Jardín Express,Girasoles,9.0,16.99,152.91,22.17,199.53,46.62
2024-02-22,2024.0,Jardín Express,Girasoles,37.0,,562.4,21.6,799.2,236.8
2024-02-22,2024.0,Portal de las Flores,Girasoles,15.0,12.83,192.45,21.55,323.25,130.8
2024-02-22,2024.0,Portal de las Flores,Orquídeas,30.0,35.91,1077.3,50.64,1519.2,441.9
2024-02-22,2024.0,Florería Central,Rosas,15.0,21.3,319.5,32.89,493.35,173.85
2024-02-23,2024.0,Jardín Express,Orquídeas,38.0,51.68,1963.84,69.78,2651.64,687.8
2024-02-23,2024.0,Jardín Express,Orquídeas,11.0,59.89,658.79,98.36,1081.96,423.17
2024-02-23,2024.0,Florería Central,Orquídeas,20.0,53.84,1076.8,88.79,1775.8,699.0
2024-02-23,2024.0,Jardín Express,Orquídeas,31.0,51.85,1607.35,72.8,2256.8,649.45
2024-02-23,2024.0,Jardín Express,Lirios,29.0,16.85,488.65,25.13,728.77,240.12
2024-02-24,2024.0,Portal de las Flores,Girasoles,36.0,17.97,646.92,29.12,1048.32,401.4
2024-02-24,2024.0,Florería Central,Orquídeas,40.0,49.81,1992.4,74.37,2974.8,982.4
2024-02-24,2024.0,Florería Central,Tulipanes,38.0,27.24,1035.12,44.25,1681.5,646.38
2024-02-25,2024.0,Portal de las Flores,Lirios,31.0,13.33,413.23,20.73,642.63,229.4
2024-02-25,2024.0,Portal de las Flores,Tulipanes,41.0,23.95,981.95,33.87,1388.67,406.72
2026-12-31,2026.0,Jardín Express,Tulipanes,1.0,18.54,18.54,29.75,29.75,11.21
2024-02-27,2024.0,EcoFlores Norte,Girasoles,15.0,17.28,259.2,25.99,389.85,130.65
2024-02-27,2024.0,Florería Central,Lirios,29.0,16.31,472.99,25.89,750.81,277.82
2024-02-27,2024.0,Jardín Express,Rosas,12.0,16.86,202.32,24.43,293.16,90.84
2024-02-28,2024.0,Portal de las Flores,Rosas,44.0,17.48,769.12,26.63,1171.72,402.6
2024-02-28,2024.0,Jardín Express,Tulipanes,29.0,29.12,844.48,43.49,1261.21,416.73
2024-03-01,2024.0,Florería Central,Orquídeas,28.0,58.14,1627.92,87.28,2443.84,815.92
2024-03-01,2024.0,Jardín Express,Orquídeas,4.0,59.32,237.28,82.37,329.48,92.2
2024-03-01,2024.0,Portal de las Flores,Rosas,12.0,24.84,298.08,40.21,482.52,184.44
2024-03-02,2024.0,Portal de las Flores,Tulipanes,,29.66,830.48,48.75,1365.0,534.52
2024-03-02,2024.0,Florería Central,Rosas,18.0,18.75,337.5,30.4,547.2,209.7
2024-03-02,2024.0,Florería Central,Orquídeas,14.0,58.98,825.72,91.15,1276.1,450.38
2024-03-03,2024.0,Portal de las Flores,Girasoles,29.0,12.76,370.04,18.31,530.99,160.95
2024-03-03,2024.0,Portal de las Flores,Rosas,42.0,,818.58,32.67,1372.14,553.56
2024-03-03,2024.0,Jardín Express,Rosas,13.0,24.06,312.78,32.6,423.8,111.02
2024-03-03,2024.0,Jardín Express,Tulipanes,13.0,20.22,262.86,28.67,372.71,109.85
2024-03-05,2024.0,EcoFlores Norte,Lirios,15.0,14.43,216.45,24.11,361.65,145.2
2024-03-05,2024.0,Jardín Express,Tulipanes,45.0,28.45,1280.25,45.62,2052.9,772.65
2024-03-07,2024.0,Portal de las Flores,Rosas,9.0,20.54,184.86,30.92,278.28,93.42
2024-03-09,2024.0,Florería Central,Rosas,36.0,19.44,699.84,32.2,1159.2,459.36
2024-03-09,2024.0,Jardín Express,Lirios,6.0,18.87,113.22,26.89,161.34,48.12
2024-03-09,2024.0,Florería Central,Girasoles,18.0,14.65,263.7,24.53,441.54,177.84
2024-03-09,2024.0,Portal de las Flores,Lirios,17.0,12.31,209.27,16.26,276.42,67.15
2024-03-09,2024.0,Jardín Express,Girasoles,5.0,15.04,75.2,24.71,123.55,48.35
2024-03-10,2024.0,Portal de las Flores,Orquídeas,14.0,51.12,715.68,71.16,996.24,280.56
2024-03-12,2024.0,Florería Central,Girasoles,28.0,12.04,337.12,15.71,439.88,102.76
2024-03-12,2024.0,Jardín Express,Tulipanes,40.0,26.14,1045.6,39.9,1596.0,550.4
2024-03-13,2024.0,EcoFlores Norte,Lirios,1.0,12.08,12.08,19.38,19.38,7.3
2024-03-13,2024.0,Jardín Express,Tulipanes,15.0,19.94,299.1,29.68,445.2,146.1
2024-03-14,2024.0,EcoFlores Norte,Tulipanes,26.0,26.89,699.14,35.98,935.48,236.34
2024-03-15,2024.0,Portal de las Flores,Lirios,,17.82,855.36,28.26,1356.48,501.12
2024-03-15,2024.0,EcoFlores Norte,Tulipanes,1.0,29.72,29.72,45.11,45.11,15.39
2024-03-15,2024.0,Florería Central,Girasoles,15.0,11.25,168.75,17.7,265.5,96.75
2024-03-15,2024.0,Jardín Express,Rosas,22.0,17.96,395.12,26.65,586.3,191.18
2024-03-15,2024.0,Portal de las Flores,Girasoles,7.0,15.74,110.18,26.71,186.97,76.79
2024-03-16,2024.0,Jardín Express,Girasoles,36.0,17.88,643.68,28.64,1031.04,387.36
2024-03-16,2024.0,Florería Central,Girasoles,40.0,14.8,592.0,24.34,973.6,381.6
2024-03-18,2024.0,Jardín Express,Lirios,42.0,16.88,708.96,27.43,1152.06,443.1
2024-03-18,2024.0,Jardín Express,Rosas,,18.94,378.8,25.61,512.2,133.4
2024-03-18,2024.0,Florería Central,Rosas,1.0,18.54,18.54,26.35,26.35,7.81
2024-03-18,2024.0,Portal de las Flores,Rosas,7.0,19.18,134.26,25.28,176.96,42.7
2024-03-18,2024.0,EcoFlores Norte,Girasoles,36.0,11.4,410.4,16.17,582.12,171.72
2024-03-20,2024.0,,Orquídeas,44.0,45.28,1992.32,66.15,2910.6,918.28
2024-03-21,2024.0,Portal de las Flores,Orquídeas,35.0,51.42,1799.7,73.53,2573.55,773.85
2024-03-21,2024.0,EcoFlores Norte,Tulipanes,38.0,25.87,983.06,36.04,1369.52,386.46
2024-03-21,2024.0,EcoFlores Norte,Tulipanes,43.0,24.79,1065.97,41.23,1772.89,706.92
2024-03-21,2024.0,EcoFlores Norte,Girasoles,47.0,17.99,845.53,30.1,1414.7,569.17
2024-03-22,2024.0,EcoFlores Norte,Girasoles,8.0,12.12,96.96,19.01,152.08,55.12
2024-03-23,2024.0,,Tulipanes,26.0,25.13,653.38,36.8,956.8,303.42
2024-03-24,2024.0,Portal de las Flores,Girasoles,42.0,10.86,456.12,14.19,595.98,139.86
2024-03-25,2024.0,EcoFlores Norte,Girasoles,6.0,12.29,73.74,19.53,117.18,43.44
2024-03-25,2024.0,EcoFlores Norte,Tulipanes,,23.79,475.8,38.33,766.6,290.8
2024-03-26,2024.0,Florería Central,Lirios,34.0,19.76,671.84,28.8,979.2,307.36
2024-03-26,2024.0,EcoFlores Norte,Rosas,48.0,17.97,862.56,28.5,1368.0,505.44
2024-03-26,2024.0,EcoFlores Norte,Tulipanes,39.0,25.43,991.77,36.35,1417.65,425.88
2024-03-26,2024.0,Jardín Express,Rosas,7.0,16.74,117.18,28.21,197.47,80.29
2024-03-27,2024.0,EcoFlores Norte,Rosas,1.0,16.22,16.22,25.19,25.19,8.97
2024-03-28,2024.0,EcoFlores Norte,Orquídeas,24.0,55.47,1331.28,74.96,1799.04,467.76
2024-03-28,2024.0,Portal de las Flores,Lirios,16.0,19.14,306.24,31.57,505.12,198.88
2024-03-29,2024.0,Florería Central,Girasoles,18.0,15.93,286.74,24.17,435.06,148.32
2024-03-29,2024.0,EcoFlores Norte,Lirios,9.0,14.32,128.88,22.68,204.12,75.24
2024-03-29,2024.0,Jardín Express,Girasoles,15.0,11.3,169.5,18.36,275.4,105.9
2024-03-30,2024.0,Portal de las Flores,Girasoles,,16.96,339.2,22.65,453.0,113.8
2024-03-30,2024.0,Jardín Express,Girasoles,9.0,12.5,112.5,20.43,183.87,71.37
2024-03-30,2024.0,Portal de las Flores,Girasoles,38.0,15.24,579.12,21.4,813.2,234.08
2024-03-31,2024.0,Portal de las Flores,Lirios,25.0,12.25,306.25,17.16,429.0,122.75
2024-04-01,2024.0,Portal de las Flores,Orquídeas,15.0,57.52,862.8,84.48,1267.2,404.4
2024-04-01,2024.0,EcoFlores Norte,Rosas,14.0,19.14,267.96,28.66,401.24,133.28
2024-04-02,2024.0,Portal de las Flores,Rosas,24.0,20.25,486.0,29.98,719.52,233.52
2024-04-03,2024.0,Florería Central,Girasoles,49.0,15.82,775.18,24.12,1181.88,406.7
2024-04-04,2024.0,Jardín Express,Tulipanes,33.0,22.72,749.76,35.14,1159.62,409.86
2024-04-04,2024.0,EcoFlores Norte,Rosas,6.0,22.6,135.6,35.91,215.46,79.86
2024-04-04,2024.0,Jardín Express,Orquídeas,49.0,49.29,2415.21,67.72,3318.28,903.07
2024-04-04,2024.0,Portal de las Flores,Girasoles,,17.13,256.95,22.36,335.4,78.45
2024-04-05,2024.0,Jardín Express,Rosas,13.0,18.92,245.96,31.37,407.81,161.85
2024-04-05,2024.0,Florería Central,Lirios,14.0,19.8,277.2,29.51,413.14,135.94
2024-04-05,2024.0,Florería Central,Orquídeas,31.0,47.65,1477.15,70.32,2179.92,702.77
2024-04-05,2024.0,EcoFlores Norte,Lirios,32.0,19.89,636.48,27.72,887.04,250.56
2024-04-06,2024.0,Portal de las Flores,Orquídeas,25.0,56.33,1408.25,84.46,2111.5,703.25
2024-04-07,2024.0,Portal de las Flores,Tulipanes,30.0,28.91,867.3,39.82,1194.6,327.3
2024-04-07,2024.0,Jardín Express,Tulipanes,28.0,29.22,818.16,40.92,1145.76,327.6
2024-04-07,2024.0,EcoFlores Norte,Tulipanes,37.0,25.46,942.02,38.6,1428.2,486.18
2024-04-08,2024.0,Florería Central,Girasoles,24.0,13.53,324.72,20.87,500.88,176.16
2024-04-08,2024.0,EcoFlores Norte,Tulipanes,5.0,20.1,100.5,31.68,158.4,57.9
2024-04-08,2024.0,Florería Central,Tulipanes,48.0,29.34,1408.32,46.32,2223.36,815.04
2024-04-08,2024.0,Jardín Express,Tulipanes,10.0,18.99,189.9,31.64,316.4,126.5
2024-04-08,2024.0,EcoFlores Norte,Rosas,46.0,23.88,1098.48,34.15,1570.9,472.42
2024-04-08,2024.0,Portal de las Flores,Rosas,8.0,15.37,122.96,20.65,165.2,42.24
2024-04-08,2024.0,Jardín Express,Orquídeas,42.0,,2303.7,85.77,3602.34,1298.64
2024-04-08,2024.0,EcoFlores Norte,Rosas,19.0,23.73,450.87,31.92,606.48,155.61
2024-04-08,2024.0,Portal de las Flores,Orquídeas,41.0,41.97,1720.77,58.1,2382.1,661.33
2024-04-09,2024.0,Portal de las Flores,Girasoles,,,389.7,21.79,653.7,264.0
2024-04-09,2024.0,EcoFlores Norte,Orquídeas,15.0,58.3,874.5,78.18,1172.7,298.2
2024-04-11,2024.0,Portal de las Flores,Girasoles,1.0,16.55,16.55,22.65,22.65,6.1
2024-04-12,2024.0,EcoFlores Norte,Lirios,25.0,19.0,475.0,30.56,764.0,289.0
2024-04-12,2024.0,EcoFlores Norte,Rosas,11.0,22.93,252.23,37.64,414.04,161.81
2024-04-12,2024.0,Florería Central,Rosas,11.0,15.87,174.57,23.22,255.42,80.85
2024-04-13,2024.0,,Tulipanes,41.0,22.08,905.28,37.01,1517.41,612.13
2024-04-13,2024.0,Portal de las Flores,Orquídeas,24.0,50.02,1200.48,79.9,1917.6,717.12
2024-04-13,2024.0,EcoFlores Norte,Lirios,34.0,20.21,687.14,26.33,895.22,208.08
2024-04-14,2024.0,Florería Central,Tulipanes,42.0,23.33,979.86,35.04,1471.68,491.82
2024-04-15,2024.0,EcoFlores Norte,Tulipanes,1.0,18.5,18.5,26.74,26.74,8.24
2024-04-15,2024.0,EcoFlores Norte,Girasoles,24.0,16.11,386.64,26.45,634.8,248.16
2024-04-15,2024.0,Florería Central,Girasoles,38.0,15.57,591.66,24.76,940.88,349.22
2024-04-15,2024.0,Florería Central,Lirios,49.0,19.05,933.45,28.17,1380.33,446.88
2024-04-16,2024.0,Portal de las Flores,Orquídeas,38.0,45.27,1720.26,70.24,2669.12,948.86
2024-04-16,2024.0,Jardín Express,Lirios,33.0,12.91,426.03,20.01,660.33,234.3
2024-04-16,2024.0,EcoFlores Norte,Tulipanes,45.0,23.77,1069.65,36.53,1643.85,574.2
2024-04-17,2024.0,EcoFlores Norte,Orquídeas,12.0,42.71,512.52,70.38,844.56,332.04
2024-04-17,2024.0,EcoFlores Norte,Rosas,17.0,23.01,391.17,33.38,567.46,176.29
2024-04-18,2024.0,Portal de las Flores,Lirios,19.0,17.81,338.39,30.21,573.99,235.6
2024-04-18,2024.0,Jardín Express,Orquídeas,40.0,55.1,2204.0,82.85,3314.0,1110.0
2024-04-18,2024.0,Jardín Express,Tulipanes,1.0,20.78,20.78,32.88,32.88,12.1
2024-04-20,2024.0,EcoFlores Norte,Tulipanes,49.0,24.04,1177.96,31.91,1563.59,385.63
2024-04-20,2024.0,Portal de las Flores,Tulipanes,,26.87,349.31,42.31,550.03,200.72
2024-04-20,2024.0,EcoFlores Norte,Rosas,42.0,16.11,676.62,21.17,889.14,212.52
2024-04-21,2024.0,EcoFlores Norte,Girasoles,42.0,17.77,746.34,25.46,1069.32,322.98
2024-04-22,2024.0,EcoFlores Norte,Lirios,30.0,21.82,654.6,30.2,906.0,251.4
2024-04-22,2024.0,Portal de las Flores,Girasoles,3.0,13.94,41.82,22.03,66.09,24.27
2024-04-22,2024.0,Jardín Express,Girasoles,6.0,17.93,107.58,28.67,172.02,64.44
2024-04-22,2024.0,Jardín Express,Tulipanes,34.0,19.5,663.0,28.33,963.22,300.22
2024-04-22,2024.0,Florería Central,Tulipanes,20.0,,438.4,29.8,596.0,157.6
2024-04-22,2024.0,EcoFlores Norte,Rosas,44.0,23.83,1048.52,40.02,1760.88,712.36
2024-04-23,2024.0,EcoFlores Norte,Tulipanes,6.0,22.31,133.86,34.64,207.84,73.98
2024-04-24,2024.0,Jardín Express,Orquídeas,42.0,48.39,2032.38,69.81,2932.02,899.64
2024-04-24,2024.0,Florería Central,Tulipanes,37.0,27.58,1020.46,43.66,1615.42,594.96
2024-04-25,2024.0,Florería Central,Tulipanes,40.0,21.54,861.6,28.13,1125.2,263.6
2024-04-26,2024.0,Florería Central,Tulipanes,29.0,24.77,718.33,35.75,1036.75,318.42
2024-04-26,2024.0,Portal de las Flores,Lirios,18.0,20.34,366.12,26.9,484.2,118.08
2024-04-26,2024.0,Portal de las Flores,Orquídeas,19.0,42.8,813.2,61.46,1167.74,354.54
2024-04-27,2024.0,Jardín Express,Girasoles,49.0,14.55,712.95,23.97,1174.53,461.58
2024-04-27,2024.0,EcoFlores Norte,Girasoles,39.0,10.26,400.14,15.95,622.05,221.91
2024-04-27,2024.0,Portal de las Flores,Lirios,17.0,15.72,267.24,25.21,428.57,161.33
2024-04-27,2024.0,EcoFlores Norte,Tulipanes,33.0,26.49,874.17,37.11,1224.63,350.46
2024-04-27,2024.0,,Tulipanes,47.0,21.82,1025.54,32.63,1533.61,508.07
2024-04-28,2024.0,Jardín Express,Lirios,37.0,19.57,724.09,26.19,969.03,244.94
2024-04-28,2024.0,,Lirios,36.0,20.17,726.12,33.73,1214.28,488.16
2024-04-29,2024.0,Florería Central,Girasoles,29.0,13.85,401.65,21.67,628.43,226.78
2024-04-29,2024.0,Florería Central,Rosas,25.0,16.92,423.0,25.21,630.25,207.25
2024-04-29,2024.0,Florería Central,Lirios,48.0,20.31,974.88,31.27,1500.96,526.08
2024-04-29,2024.0,Portal de las Flores,Orquídeas,24.0,42.11,1010.64,55.54,1332.96,322.32
2024-04-30,2024.0,Florería Central,Girasoles,45.0,13.3,598.5,18.33,824.85,226.35
2024-05-01,2024.0,Jardín Express,Orquídeas,5.0,57.02,285.1,94.01,470.05,184.95
2024-05-01,2024.0,EcoFlores Norte,Lirios,15.0,15.95,239.25,21.89,328.35,89.1
2024-05-02,2024.0,Florería Central,Tulipanes,4.0,23.02,92.08,30.74,122.96,30.88
2024-05-03,2024.0,,Lirios,40.0,21.85,874.0,35.15,1406.0,532.0
2024-05-04,2024.0,Florería Central,Girasoles,32.0,17.19,550.08,27.73,887.36,337.28
2024-05-05,2024.0,Portal de las Flores,Orquídeas,29.0,48.01,1392.29,70.88,2055.52,663.23
2024-05-05,2024.0,Portal de las Flores,Girasoles,44.0,16.02,704.88,26.63,1171.72,466.84
2024-05-05,2024.0,EcoFlores Norte,Rosas,8.0,24.21,193.68,31.86,254.88,61.2
2024-05-06,2024.0,Portal de las Flores,Orquídeas,3.0,54.73,164.19,84.35,253.05,88.86
2024-05-06,2024.0,Florería Central,Orquídeas,1.0,-25.0,39.79,66.34,66.34,26.55
2024-05-07,2024.0,EcoFlores Norte,Lirios,4.0,15.51,62.04,24.96,99.84,37.8
2024-05-07,2024.0,EcoFlores Norte,Lirios,34.0,12.06,410.04,16.16,549.44,139.4
2024-05-07,2024.0,Portal de las Flores,Tulipanes,22.0,27.4,602.8,40.47,890.34,287.54
2024-05-08,2024.0,Jardín Express,Lirios,28.0,17.39,486.92,24.77,693.56,206.64
2024-05-09,2024.0,Jardín Express,Tulipanes,3.0,18.83,56.49,28.12,84.36,27.87
2024-05-09,2024.0,Florería Central,Lirios,41.0,19.48,798.68,26.95,1104.95,306.27
2024-05-09,2024.0,EcoFlores Norte,Orquídeas,25.0,58.92,1473.0,78.22,1955.5,482.5
2024-05-10,2024.0,Jardín Express,Rosas,14.0,22.43,314.02,29.59,414.26,100.24
2024-05-10,2024.0,Jardín Express,Tulipanes,4.0,24.09,96.36,35.18,140.72,44.36
2024-05-10,2024.0,Portal de las Flores,Rosas,9.0,15.52,139.68,23.54,211.86,72.18
2024-05-10,2024.0,EcoFlores Norte,Orquídeas,44.0,58.02,2552.88,88.92,3912.48,1359.6
2024-05-10,2024.0,EcoFlores Norte,Rosas,22.0,22.09,485.98,32.9,723.8,237.82
2024-05-11,2024.0,Florería Central,Rosas,37.0,20.1,743.7,32.05,1185.85,442.15
2024-05-11,2024.0,,Rosas,38.0,18.1,687.8,26.42,1003.96,316.16
2024-05-12,2024.0,EcoFlores Norte,Rosas,29.0,23.58,683.82,32.26,935.54,251.72
2024-05-12,2024.0,Florería Central,Girasoles,44.0,14.0,616.0,22.07,971.08,355.08
2024-05-12,2024.0,EcoFlores Norte,Tulipanes,29.0,19.72,571.88,26.83,778.07,206.19
2024-05-13,2024.0,EcoFlores Norte,Girasoles,1.0,10.71,10.71,18.17,18.17,7.46
2024-05-13,2024.0,Florería Central,Lirios,12.0,17.31,207.72,25.67,308.04,100.32
2024-05-14,2024.0,Jardín Express,Tulipanes,29.0,26.14,758.06,37.77,1095.33,337.27
2024-05-14,2024.0,Portal de las Flores,Orquídeas,19.0,,951.52,71.86,1365.34,413.82
2024-05-16,2024.0,Jardín Express,Tulipanes,26.0,25.16,654.16,40.9,1063.4,409.24
2024-05-16,2024.0,EcoFlores Norte,Orquídeas,23.0,52.17,1199.91,86.46,1988.58,788.67
2024-05-16,2024.0,Florería Central,Tulipanes,48.0,25.32,1215.36,38.45,1845.6,630.24
2024-05-16,2024.0,EcoFlores Norte,Girasoles,38.0,15.89,603.82,23.54,894.52,290.7
2024-05-17,2024.0,,Girasoles,4.0,14.92,59.68,22.52,90.08,30.4
2024-05-18,2024.0,Portal de las Flores,Rosas,42.0,24.18,1015.56,35.54,1492.68,477.12
2024-05-18,2024.0,EcoFlores Norte,Tulipanes,35.0,21.68,758.8,30.48,1066.8,308.0
2024-05-19,2024.0,Portal de las Flores,Orquídeas,16.0,42.74,683.84,71.58,1145.28,461.44
2024-05-19,2024.0,EcoFlores Norte,Lirios,47.0,18.01,846.47,23.66,1112.02,265.55
2024-05-20,2024.0,Florería Central,Rosas,8.0,20.77,166.16,32.37,258.96,92.8
2024-05-20,2024.0,Florería Central,Girasoles,3.0,13.8,41.4,22.44,67.32,25.92
2024-05-20,2024.0,EcoFlores Norte,Girasoles,19.0,13.57,257.83,17.91,340.29,82.46
2024-05-21,2024.0,Portal de las Flores,Rosas,36.0,23.17,834.12,39.01,1404.36,570.24
2024-05-22,2024.0,Florería Central,Tulipanes,49.0,19.33,947.17,25.36,1242.64,295.47
2024-05-22,2024.0,Florería Central,Tulipanes,47.0,19.73,927.31,26.56,1248.32,321.01
2024-05-22,2024.0,Portal de las Flores,Tulipanes,13.0,22.55,293.15,32.36,420.68,127.53
2024-05-23,2024.0,EcoFlores Norte,Rosas,16.0,16.06,256.96,22.9,366.4,109.44
2024-05-23,2024.0,Jardín Express,Tulipanes,49.0,20.42,1000.58,28.66,1404.34,403.76
2024-05-23,2024.0,Florería Central,Rosas,22.0,15.34,337.48,25.34,557.48,220.0
2024-05-23,2024.0,EcoFlores Norte,Lirios,33.0,17.41,574.53,23.0,759.0,184.47
2024-05-23,2024.0,Jardín Express,Lirios,22.0,12.14,267.08,19.49,428.78,161.7
2024-05-24,2024.0,Florería Central,Orquídeas,41.0,,1651.07,66.16,2712.56,1061.49
2024-05-24,2024.0,Florería Central,Orquídeas,46.0,43.58,2004.68,66.44,3056.24,1051.56
2024-05-24,2024.0,EcoFlores Norte,Lirios,15.0,20.23,303.45,28.82,432.3,128.85
2024-05-24,2024.0,Portal de las Flores,Girasoles,2.0,10.59,21.18,16.58,33.16,11.98
2024-05-24,2024.0,EcoFlores Norte,Rosas,26.0,15.14,393.64,20.18,524.68,131.04
2024-05-25,2024.0,Florería Central,Tulipanes,3.0,22.2,66.6,29.6,88.8,22.2
2024-05-25,2024.0,Jardín Express,Lirios,15.0,,239.25,24.12,361.8,122.55
2024-05-25,2024.0,EcoFlores Norte,Orquídeas,18.0,36.83,662.94,58.84,1059.12,396.18
2024-05-25,2024.0,Jardín Express,Orquídeas,12.0,57.92,695.04,98.39,1180.68,485.64
2024-05-26,2024.0,EcoFlores Norte,Orquídeas,43.0,42.83,1841.69,69.36,2982.48,1140.79
2024-05-26,2024.0,Portal de las Flores,Lirios,45.0,19.42,873.9,25.65,1154.25,280.35
2024-05-27,2024.0,EcoFlores Norte,Girasoles,9.0,-25.0,147.87,24.68,222.12,74.25
2024-05-27,2024.0,Florería Central,Tulipanes,39.0,20.48,798.72,33.78,1317.42,518.7
2024-05-27,2024.0,Portal de las Flores,Orquídeas,44.0,50.75,2233.0,86.04,3785.76,1552.76
2024-05-28,2024.0,Portal de las Flores,Rosas,29.0,20.3,588.7,28.57,828.53,239.83
2024-05-28,2024.0,Jardín Express,Lirios,27.0,12.56,339.12,16.36,441.72,102.6
2024-05-29,2024.0,EcoFlores Norte,Rosas,8.0,17.07,136.56,23.23,185.84,49.28
2024-05-30,2024.0,Portal de las Flores,Rosas,9.0,22.09,198.81,28.9,260.1,61.29
2024-05-30,2024.0,Portal de las Flores,Tulipanes,3.0,28.56,85.68,43.13,129.39,43.71
2024-05-30,2024.0,Jardín Express,Lirios,11.0,12.14,133.54,16.17,177.87,44.33
2024-05-31,2024.0,EcoFlores Norte,Rosas,16.0,17.4,278.4,28.15,450.4,172.0
2024-05-31,2024.0,EcoFlores Norte,Lirios,8.0,21.35,170.8,30.86,246.88,76.08
2024-06-01,2024.0,Florería Central,Tulipanes,49.0,21.78,1067.22,34.26,1678.74,611.52
2024-06-01,2024.0,EcoFlores Norte,Tulipanes,39.0,26.69,1040.91,36.96,1441.44,400.53
2024-06-01,2024.0,Jardín Express,Tulipanes,,23.26,488.46,32.27,677.67,189.21
2024-06-02,2024.0,,Lirios,21.0,13.5,283.5,19.61,411.81,128.31
2024-06-02,2024.0,Jardín Express,Rosas,22.0,21.66,476.52,36.73,808.06,331.54
2024-06-02,2024.0,Portal de las Flores,Tulipanes,49.0,24.71,1210.79,35.45,1737.05,526.26
2024-06-03,2024.0,Portal de las Flores,Tulipanes,34.0,26.66,906.44,37.55,1276.7,370.26
2024-06-04,2024.0,Portal de las Flores,Tulipanes,25.0,21.09,527.25,33.49,837.25,310.0
2024-06-05,2024.0,Florería Central,Rosas,7.0,18.16,127.12,27.17,190.19,63.07
2024-06-05,2024.0,EcoFlores Norte,Rosas,,21.81,152.67,34.6,242.2,89.53
2024-06-05,2024.0,Jardín Express,Orquídeas,43.0,,2327.16,87.96,3782.28,1455.12
2024-06-05,2024.0,EcoFlores Norte,Girasoles,9.0,10.11,90.99,14.18,127.62,36.63
2024-06-06,2024.0,Portal de las Flores,Rosas,44.0,15.94,701.36,26.81,1179.64,478.28
2024-06-06,2024.0,Florería Central,Girasoles,34.0,15.78,536.52,23.88,811.92,275.4
2024-06-07,2024.0,Jardín Express,Tulipanes,36.0,19.11,687.96,28.34,1020.24,332.28
2024-06-07,2024.0,Florería Central,Orquídeas,8.0,58.29,466.32,77.85,622.8,156.48
2024-06-08,2024.0,Jardín Express,Rosas,2.0,23.19,46.38,38.55,77.1,30.72
2024-06-08,2024.0,EcoFlores Norte,Lirios,35.0,15.68,548.8,22.98,804.3,255.5
2024-06-08,2024.0,Portal de las Flores,Tulipanes,23.0,19.53,449.19,30.92,711.16,261.97
2024-06-08,2024.0,Florería Central,Tulipanes,33.0,26.06,859.98,39.96,1318.68,458.7
2024-06-09,2024.0,Florería Central,Orquídeas,48.0,42.42,2036.16,67.34,3232.32,1196.16
2024-06-09,2024.0,Florería Central,Lirios,3.0,16.77,50.31,27.4,82.2,31.89
2024-06-09,2024.0,Jardín Express,Tulipanes,,28.64,1346.08,40.38,1897.86,551.78
2024-06-09,2024.0,EcoFlores Norte,Rosas,35.0,21.14,739.9,28.23,988.05,248.15
2024-06-09,2024.0,Jardín Express,Lirios,20.0,15.98,319.6,22.53,450.6,131.0
2024-06-10,2024.0,Portal de las Flores,Girasoles,23.0,15.33,352.59,20.79,478.17,125.58
2024-06-10,2024.0,Portal de las Flores,Girasoles,24.0,10.06,241.44,15.82,379.68,138.24
2024-06-11,2024.0,Jardín Express,Rosas,13.0,999.0,282.75,28.67,372.71,89.96
2024-06-11,2024.0,Florería Central,Rosas,10.0,20.55,205.5,32.86,328.6,123.1
2024-06-13,2024.0,Portal de las Flores,Lirios,,21.18,360.06,35.23,598.91,238.85
2024-06-13,2024.0,Florería Central,Lirios,32.0,21.75,696.0,29.76,952.32,256.32
2024-06-13,2024.0,Portal de las Flores,Lirios,25.0,12.09,302.25,17.56,439.0,136.75
2024-06-14,2024.0,Portal de las Flores,Tulipanes,23.0,22.98,528.54,36.59,841.57,313.03
2024-06-15,2024.0,EcoFlores Norte,Girasoles,49.0,15.84,776.16,24.22,1186.78,410.62
2024-06-15,2024.0,Jardín Express,Girasoles,41.0,11.31,463.71,16.69,684.29,220.58
2024-06-16,2024.0,EcoFlores Norte,Orquídeas,39.0,45.88,1789.32,66.91,2609.49,820.17
2024-06-16,2024.0,Florería Central,Orquídeas,24.0,57.65,1383.6,87.43,2098.32,714.72
2024-06-16,2024.0,Florería Central,Tulipanes,22.0,24.7,543.4,35.54,781.88,238.48
2024-06-16,2024.0,EcoFlores Norte,Tulipanes,11.0,23.51,258.61,37.45,411.95,153.34
2024-06-18,2024.0,EcoFlores Norte,Girasoles,40.0,10.79,431.6,17.53,701.2,269.6
2024-06-18,2024.0,EcoFlores Norte,Rosas,42.0,24.38,1023.96,32.52,1365.84,341.88
2024-06-18,2024.0,Jardín Express,Rosas,43.0,18.64,801.52,29.0,1247.0,445.48
2024-06-19,2024.0,Portal de las Flores,Orquídeas,47.0,58.29,2739.63,96.96,4557.12,1817.49
2024-06-19,2024.0,Florería Central,Girasoles,35.0,10.6,371.0,17.1,598.5,227.5
2024-06-20,2024.0,Portal de las Flores,Orquídeas,21.0,55.13,1157.73,75.77,1591.17,433.44
2024-06-20,2024.0,Florería Central,Girasoles,39.0,13.16,513.24,17.32,675.48,162.24
2024-06-20,2024.0,Florería Central,Tulipanes,45.0,18.69,841.05,29.33,1319.85,478.8
2024-06-21,2024.0,EcoFlores Norte,Tulipanes,29.0,23.57,683.53,36.48,1057.92,374.39
2024-06-21,2024.0,EcoFlores Norte,Tulipanes,40.0,24.93,997.2,41.43,1657.2,660.0
2024-06-21,2024.0,EcoFlores Norte,Rosas,25.0,22.02,550.5,34.05,851.25,300.75
2024-06-22,2024.0,Jardín Express,Girasoles,20.0,11.73,234.6,18.49,369.8,135.2
2024-06-23,2024.0,Jardín Express,Tulipanes,12.0,25.58,306.96,38.81,465.72,158.76
2024-06-24,2024.0,Florería Central,Girasoles,19.0,17.28,328.32,25.07,476.33,148.01
2024-06-25,2024.0,Portal de las Flores,Tulipanes,32.0,26.16,837.12,34.6,1107.2,270.08
2024-06-25,2024.0,Portal de las Flores,Lirios,39.0,18.77,732.03,30.1,1173.9,441.87
2024-06-25,2024.0,Jardín Express,Rosas,,,857.29,34.28,1268.36,411.07
2024-06-26,2024.0,Jardín Express,Lirios,,12.08,60.4,20.26,101.3,40.9
2024-06-26,2024.0,EcoFlores Norte,Orquídeas,28.0,57.44,1608.32,95.53,2674.84,1066.52
2024-06-27,2024.0,Portal de las Flores,Orquídeas,33.0,37.8,1247.4,58.36,1925.88,678.48
2024-06-27,2024.0,EcoFlores Norte,Rosas,19.0,22.96,436.24,31.15,591.85,155.61
2024-06-28,2024.0,Portal de las Flores,Lirios,26.0,16.56,430.56,27.43,713.18,282.62
2024-06-28,2024.0,EcoFlores Norte,Lirios,7.0,18.32,128.24,25.27,176.89,48.65
2024-06-29,2024.0,Jardín Express,Lirios,16.0,19.63,314.08,32.82,525.12,211.04
2024-06-30,2024.0,Portal de las Flores,Rosas,,17.53,245.42,29.37,411.18,165.76
2024-06-30,2024.0,Portal de las Flores,Girasoles,21.0,16.08,337.68,21.22,445.62,107.94
2024-06-30,2024.0,Florería Central,Girasoles,37.0,10.78,398.86,14.73,545.01,146.15
2024-06-30,2024.0,Portal de las Flores,Lirios,20.0,17.57,351.4,29.72,594.4,243.0
2024-07-01,2024.0,Jardín Express,Lirios,49.0,13.07,640.43,19.65,962.85,322.42
2024-07-01,2024.0,Jardín Express,Lirios,16.0,20.66,330.56,28.22,451.52,120.96
2024-07-02,2024.0,EcoFlores Norte,Tulipanes,39.0,24.03,937.17,33.17,1293.63,356.46
2024-07-02,2024.0,EcoFlores Norte,Lirios,12.0,15.5,186.0,20.86,250.32,64.32
2024-07-04,2024.0,Jardín Express,Tulipanes,28.0,24.33,681.24,33.69,943.32,262.08
2024-07-05,2024.0,Florería Central,Tulipanes,3.0,28.91,86.73,43.81,131.43,44.7
2024-07-05,2024.0,Portal de las Flores,Tulipanes,27.0,29.09,785.43,43.89,1185.03,399.6
2024-07-05,2024.0,EcoFlores Norte,Girasoles,18.0,16.82,302.76,24.27,436.86,134.1
2024-07-06,2024.0,EcoFlores Norte,Orquídeas,21.0,49.78,1045.38,79.03,1659.63,614.25
2024-07-06,2024.0,Jardín Express,Rosas,44.0,15.15,666.6,23.25,1023.0,356.4
2024-07-07,2024.0,Florería Central,Lirios,10.0,14.01,140.1,19.35,193.5,53.4
2024-07-08,2024.0,Florería Central,Rosas,35.0,19.19,671.65,27.19,951.65,280.0
2024-07-08,2024.0,,Lirios,32.0,12.69,406.08,18.65,596.8,190.72
2024-07-08,2024.0,Florería Central,Lirios,43.0,18.89,812.27,26.47,1138.21,325.94
2024-07-08,2024.0,Florería Central,Girasoles,36.0,14.39,518.04,23.77,855.72,337.68
2024-07-08,2024.0,Portal de las Flores,Girasoles,24.0,11.17,268.08,14.98,359.52,91.44
2024-07-09,2024.0,EcoFlores Norte,Rosas,25.0,21.33,533.25,28.32,708.0,174.75
2024-07-09,2024.0,Jardín Express,Orquídeas,17.0,51.33,872.61,70.68,1201.56,328.95
2024-07-10,2024.0,Portal de las Flores,Orquídeas,11.0,41.83,460.13,70.29,773.19,313.06
2024-07-10,2024.0,,Lirios,11.0,17.58,193.38,25.3,278.3,84.92
2024-07-10,2024.0,Jardín Express,Girasoles,10.0,13.29,132.9,21.28,212.8,79.9
2024-07-10,2024.0,Florería Central,Girasoles,27.0,11.74,316.98,15.68,423.36,106.38
2024-07-12,2024.0,EcoFlores Norte,Lirios,3.0,21.85,65.55,29.86,89.58,24.03
2024-07-12,2024.0,Florería Central,Tulipanes,13.0,23.5,305.5,32.26,419.38,113.88
2024-07-12,2024.0,Jardín Express,Lirios,2.0,21.17,42.34,32.21,64.42,22.08
2024-07-13,2024.0,Jardín Express,Orquídeas,21.0,35.65,748.65,54.23,1138.83,390.18
2024-07-13,2024.0,Florería Central,Girasoles,10.0,14.02,140.2,19.0,190.0,49.8
2024-07-13,2024.0,EcoFlores Norte,Rosas,5.0,24.62,123.1,37.4,187.0,63.9
2024-07-13,2024.0,Jardín Express,Lirios,48.0,14.02,672.96,19.67,944.16,271.2
2024-07-14,2024.0,EcoFlores Norte,Orquídeas,6.0,,226.32,58.64,351.84,125.52
2024-07-14,2024.0,Florería Central,Orquídeas,15.0,35.81,537.15,51.36,770.4,233.25
2024-07-14,2024.0,EcoFlores Norte,Lirios,46.0,15.54,714.84,23.35,1074.1,359.26
2024-07-16,2024.0,Portal de las Flores,Tulipanes,,22.94,367.04,35.8,572.8,205.76
2024-07-16,2024.0,Portal de las Flores,Tulipanes,27.0,29.8,804.6,39.34,1062.18,257.58
2024-07-18,2024.0,Portal de las Flores,Tulipanes,2.0,21.65,43.3,28.36,56.72,13.42
2024-07-19,2024.0,Florería Central,Girasoles,43.0,13.68,588.24,21.11,907.73,319.49
2024-07-19,2024.0,,Lirios,22.0,13.62,299.64,19.1,420.2,120.56
2024-07-19,2024.0,Portal de las Flores,Girasoles,1.0,13.2,13.2,21.3,21.3,8.1
2024-07-19,2024.0,Portal de las Flores,Lirios,36.0,12.86,462.96,21.32,767.52,304.56
2024-07-19,2024.0,Florería Central,Orquídeas,19.0,57.3,1088.7,81.07,1540.33,451.63
2024-07-20,2024.0,EcoFlores Norte,Lirios,16.0,21.4,342.4,34.09,545.44,203.04
2024-07-20,2024.0,EcoFlores Norte,Tulipanes,41.0,19.51,799.91,26.38,1081.58,281.67
2024-07-21,2024.0,Florería Central,Tulipanes,24.0,22.06,529.44,31.4,753.6,224.16
2024-07-21,2024.0,Portal de las Flores,Rosas,25.0,22.3,557.5,37.38,934.5,377.0
2024-07-22,2024.0,Portal de las Flores,Orquídeas,49.0,35.63,1745.87,58.28,2855.72,1109.85
2024-07-23,2024.0,Jardín Express,Orquídeas,44.0,36.36,1599.84,55.99,2463.56,863.72
2024-07-24,2024.0,Jardín Express,Tulipanes,6.0,25.83,154.98,36.8,220.8,65.82
2024-07-25,2024.0,Florería Central,Tulipanes,35.0,26.09,913.15,39.47,1381.45,468.3
2024-07-25,2024.0,EcoFlores Norte,Girasoles,15.0,14.35,215.25,20.0,300.0,84.75
2024-07-26,2024.0,EcoFlores Norte,Rosas,25.0,23.25,581.25,30.92,773.0,191.75
2024-07-27,2024.0,Jardín Express,Orquídeas,39.0,37.65,1468.35,58.41,2277.99,809.64
2024-07-28,2024.0,Jardín Express,Lirios,13.0,21.84,283.92,30.95,402.35,118.43
2024-07-28,2024.0,Florería Central,Lirios,30.0,16.99,509.7,24.1,723.0,213.3
2024-07-30,2024.0,EcoFlores Norte,Lirios,49.0,13.37,655.13,18.86,924.14,269.01
2024-07-31,2024.0,EcoFlores Norte,Tulipanes,12.0,28.91,346.92,41.21,494.52,147.6
2024-08-01,2024.0,Florería Central,Lirios,49.0,13.33,653.17,18.72,917.28,264.11
2024-08-02,2024.0,Portal de las Flores,Lirios,39.0,13.61,530.79,22.15,863.85,333.06
2024-08-02,2024.0,Florería Central,Orquídeas,15.0,40.1,601.5,52.81,792.15,190.65
2024-08-02,2024.0,Portal de las Flores,Lirios,43.0,15.9,683.7,26.34,1132.62,448.92
2024-08-03,2024.0,Portal de las Flores,Girasoles,5.0,14.11,70.55,22.24,111.2,40.65
2024-08-03,2024.0,Florería Central,Rosas,39.0,15.46,602.94,23.46,914.94,312.0
2024-08-03,2024.0,Florería Central,Tulipanes,13.0,23.14,300.82,35.93,467.09,166.27
2024-08-03,2024.0,Portal de las Flores,Orquídeas,1.0,38.26,38.26,55.03,55.03,16.77
2024-08-04,2024.0,EcoFlores Norte,Tulipanes,8.0,28.53,228.24,41.53,332.24,104.0
2024-08-04,2024.0,Portal de las Flores,Rosas,36.0,21.37,769.32,36.11,1299.96,530.64
2024-08-04,2024.0,,Lirios,29.0,16.49,478.21,23.0,667.0,188.79
2024-08-04,2024.0,Florería Central,Orquídeas,39.0,37.78,1473.42,58.91,2297.49,824.07
2024-08-04,2024.0,EcoFlores Norte,Girasoles,18.0,10.99,197.82,17.36,312.48,114.66
2024-08-05,2024.0,,Tulipanes,14.0,28.12,393.68,37.65,527.1,133.42
2024-08-05,2024.0,Florería Central,Tulipanes,21.0,22.16,465.36,30.93,649.53,184.17
2024-08-05,2024.0,EcoFlores Norte,Tulipanes,,25.54,561.88,37.68,828.96,267.08
2024-08-05,2024.0,Portal de las Flores,Orquídeas,24.0,57.62,1382.88,93.76,2250.24,867.36
2024-08-07,2024.0,Florería Central,Tulipanes,46.0,27.93,1284.78,38.22,1758.12,473.34
2024-08-07,2024.0,Portal de las Flores,Lirios,17.0,21.3,362.1,34.36,584.12,222.02
2024-08-07,2024.0,Portal de las Flores,Girasoles,1.0,10.98,10.98,14.82,14.82,3.84
2024-08-07,2024.0,Florería Central,Rosas,36.0,24.07,866.52,32.57,1172.52,306.0
2024-08-09,2024.0,Jardín Express,Girasoles,18.0,17.73,319.14,24.29,437.22,118.08
2024-08-10,2024.0,EcoFlores Norte,Tulipanes,38.0,25.12,954.56,33.19,1261.22,306.66
2024-08-10,2024.0,EcoFlores Norte,Girasoles,29.0,10.81,313.49,15.25,442.25,128.76
2024-08-10,2024.0,Jardín Express,Orquídeas,23.0,42.82,984.86,57.35,1319.05,334.19
2024-08-10,2024.0,Portal de las Flores,Girasoles,25.0,14.88,372.0,20.78,519.5,147.5
2024-08-11,2024.0,Florería Central,Girasoles,42.0,11.67,490.14,16.55,695.1,204.96
2024-08-12,2024.0,Portal de las Flores,Tulipanes,9.0,22.3,200.7,31.97,287.73,87.03
2024-08-12,2024.0,Florería Central,Orquídeas,31.0,54.56,1691.36,75.9,2352.9,661.54
2024-08-12,2024.0,Florería Central,Lirios,15.0,12.92,193.8,21.78,326.7,132.9
2024-08-12,2024.0,EcoFlores Norte,Lirios,37.0,16.81,621.97,24.78,916.86,294.89
2024-08-12,2024.0,Jardín Express,Lirios,17.0,16.69,283.73,27.42,466.14,182.41
2024-08-13,2024.0,Jardín Express,Girasoles,11.0,11.09,121.99,14.86,163.46,41.47
2024-08-13,2024.0,Florería Central,Girasoles,32.0,10.42,333.44,17.13,548.16,214.72
2024-08-13,2024.0,Jardín Express,Orquídeas,31.0,47.15,1461.65,73.82,2288.42,826.77
2024-08-13,2024.0,EcoFlores Norte,Lirios,28.0,16.89,472.92,24.71,691.88,218.96
2024-08-14,2024.0,Florería Central,Tulipanes,12.0,25.25,303.0,41.99,503.88,200.88
2024-08-14,2024.0,Jardín Express,Orquídeas,46.0,50.81,2337.26,77.91,3583.86,1246.6
2024-08-14,2024.0,,Girasoles,36.0,15.81,569.16,21.94,789.84,220.68
2024-08-15,2024.0,Jardín Express,Rosas,9.0,,156.96,29.42,264.78,107.82
2024-08-15,2024.0,Jardín Express,Tulipanes,42.0,21.29,894.18,33.0,1386.0,491.82
2024-08-16,2024.0,Florería Central,Lirios,20.0,20.31,406.2,27.38,547.6,141.4
2024-08-16,2024.0,Portal de las Flores,Tulipanes,27.0,29.19,788.13,44.06,1189.62,401.49
2024-08-16,2024.0,Portal de las Flores,Tulipanes,36.0,24.21,871.56,35.47,1276.92,405.36
2024-08-16,2024.0,Portal de las Flores,Rosas,10.0,17.58,175.8,28.61,286.1,110.3
2024-08-16,2024.0,Florería Central,Orquídeas,6.0,46.85,281.1,65.14,390.84,109.74
2024-08-16,2024.0,Florería Central,Rosas,5.0,23.72,118.6,36.65,183.25,64.65
2024-08-17,2024.0,Jardín Express,Girasoles,16.0,16.9,270.4,27.96,447.36,176.96
2024-08-17,2024.0,EcoFlores Norte,Tulipanes,28.0,23.17,648.76,31.44,880.32,231.56
2024-08-18,2024.0,Portal de las Flores,Girasoles,10.0,11.69,116.9,17.46,174.6,57.7
2024-08-18,2024.0,Jardín Express,Girasoles,,12.84,359.52,18.81,526.68,167.16
2024-08-18,2024.0,Florería Central,Lirios,23.0,19.94,458.62,30.91,710.93,252.31
2024-08-18,2024.0,Jardín Express,Orquídeas,8.0,52.38,419.04,81.29,650.32,231.28
2024-08-18,2024.0,Portal de las Flores,Girasoles,9.0,13.13,118.17,20.19,181.71,63.54
2024-08-20,2024.0,Jardín Express,Lirios,14.0,19.27,269.78,27.4,383.6,113.82
2024-08-20,2024.0,Florería Central,Girasoles,19.0,14.18,269.42,18.82,357.58,88.16
2024-08-20,2024.0,EcoFlores Norte,Rosas,13.0,20.39,265.07,30.78,400.14,135.07
2024-08-20,2024.0,Jardín Express,Tulipanes,29.0,19.44,563.76,25.8,748.2,184.44
2024-08-20,2024.0,EcoFlores Norte,Tulipanes,42.0,22.98,965.16,36.43,1530.06,564.9
2024-08-20,2024.0,EcoFlores Norte,Girasoles,2.0,15.91,31.82,20.89,41.78,9.96
2024-08-21,2024.0,Jardín Express,Girasoles,24.0,12.74,305.76,18.67,448.08,142.32
2024-08-22,2024.0,Jardín Express,Tulipanes,17.0,28.05,476.85,38.37,652.29,175.44
2024-08-22,2024.0,Florería Central,Orquídeas,47.0,59.77,2809.19,98.81,4644.07,1834.88
2024-08-23,2024.0,Portal de las Flores,Girasoles,,14.95,403.65,20.55,554.85,151.2
2024-08-23,2024.0,Jardín Express,Rosas,2.0,24.7,49.4,40.66,81.32,31.92
2024-08-24,2024.0,EcoFlores Norte,Lirios,23.0,21.31,490.13,31.04,713.92,223.79
2024-08-24,2024.0,Jardín Express,Girasoles,7.0,15.33,107.31,21.25,148.75,41.44
2024-08-26,2024.0,Florería Central,Orquídeas,8.0,43.82,350.56,62.67,501.36,150.8
2024-08-26,2024.0,EcoFlores Norte,Rosas,26.0,19.85,516.1,26.99,701.74,185.64
2024-08-26,2024.0,Florería Central,Orquídeas,20.0,53.35,1067.0,76.75,1535.0,468.0
2024-08-26,2024.0,EcoFlores Norte,Lirios,17.0,18.94,321.98,26.01,442.17,120.19
2024-08-28,2024.0,Florería Central,Lirios,34.0,12.68,431.12,16.61,564.74,133.62
2024-08-29,2024.0,Portal de las Flores,Lirios,15.0,14.58,218.7,21.65,324.75,106.05
2024-08-29,2024.0,EcoFlores Norte,Orquídeas,13.0,49.16,639.08,64.03,832.39,193.31
2024-08-30,2024.0,Portal de las Flores,Orquídeas,32.0,50.6,1619.2,78.45,2510.4,891.2
2024-08-30,2024.0,Florería Central,Girasoles,38.0,12.08,459.04,19.38,736.44,277.4
2024-08-30,2024.0,Florería Central,Orquídeas,33.0,39.92,1317.36,55.69,1837.77,520.41
2024-08-31,2024.0,Jardín Express,Rosas,3.0,22.12,66.36,30.31,90.93,24.57
2024-08-31,2024.0,Portal de las Flores,Tulipanes,500.0,20.4,10200.0,27.89,13945.0,3745.0
2024-08-31,2024.0,Jardín Express,Lirios,2.0,14.09,28.18,21.34,42.68,14.5
2024-09-01,2024.0,Jardín Express,Tulipanes,28.0,19.52,546.56,31.95,894.6,348.04
2024-09-02,2024.0,Jardín Express,Rosas,34.0,18.13,616.42,29.29,995.86,379.44
2024-09-03,2024.0,Portal de las Flores,Lirios,26.0,16.19,420.94,22.73,590.98,170.04
2024-09-03,2024.0,Florería Central,Lirios,48.0,20.17,968.16,27.69,1329.12,360.96
2024-09-05,2024.0,Florería Central,Girasoles,44.0,11.68,513.92,18.65,820.6,306.68
2024-09-05,2024.0,Jardín Express,Tulipanes,47.0,25.4,1193.8,37.67,1770.49,576.69
2024-09-06,2024.0,Florería Central,Girasoles,6.0,14.58,87.48,24.78,148.68,61.2
2024-09-06,2024.0,Florería Central,Girasoles,8.0,10.76,86.08,15.34,122.72,36.64
2024-09-07,2024.0,Portal de las Flores,Tulipanes,42.0,19.12,803.04,28.12,1181.04,378.0
2024-09-07,2024.0,Jardín Express,Tulipanes,27.0,26.51,715.77,37.34,1008.18,292.41
2024-09-08,2024.0,Florería Central,Rosas,,,569.28,24.06,769.92,200.64
2024-09-08,2024.0,EcoFlores Norte,Lirios,5.0,17.77,88.85,25.58,127.9,39.05
2024-09-09,2024.0,Portal de las Flores,Tulipanes,30.0,26.58,797.4,40.71,1221.3,423.9
2024-09-09,2024.0,Portal de las Flores,Orquídeas,40.0,46.06,1842.4,71.84,2873.6,1031.2
2024-09-09,2024.0,EcoFlores Norte,Rosas,20.0,23.81,476.2,39.36,787.2,311.0
2024-09-09,2024.0,EcoFlores Norte,Lirios,8.0,19.69,157.52,30.78,246.24,88.72
2024-09-09,2024.0,Portal de las Flores,Orquídeas,25.0,56.72,1418.0,91.36,2284.0,866.0
2024-09-09,2024.0,Portal de las Flores,Rosas,14.0,22.24,311.36,35.05,490.7,179.34
2024-09-10,2024.0,Jardín Express,Girasoles,23.0,13.08,300.84,18.82,432.86,132.02
2024-09-10,2024.0,Jardín Express,Girasoles,3.0,12.35,37.05,18.26,54.78,17.73
2024-09-10,2024.0,Jardín Express,Tulipanes,33.0,28.49,940.17,37.04,1222.32,282.15
2024-09-10,2024.0,EcoFlores Norte,Rosas,23.0,19.07,438.61,31.59,726.57,287.96
2024-09-10,2024.0,EcoFlores Norte,Orquídeas,8.0,36.3,290.4,55.16,441.28,150.88
2024-09-12,2024.0,Jardín Express,Lirios,17.0,14.31,243.27,23.57,400.69,157.42
2024-09-12,2024.0,Portal de las Flores,Rosas,46.0,17.8,818.8,28.03,1289.38,470.58
2024-09-12,2024.0,EcoFlores Norte,Lirios,44.0,12.16,535.04,19.36,851.84,316.8
2024-09-13,2024.0,Jardín Express,Tulipanes,33.0,21.23,700.59,29.29,966.57,265.98
2024-09-14,2024.0,EcoFlores Norte,Orquídeas,19.0,50.59,961.21,78.89,1498.91,537.7
2024-09-15,2024.0,Florería Central,Tulipanes,28.0,25.83,723.24,38.29,1072.12,348.88
2024-09-15,2024.0,Portal de las Flores,Rosas,17.0,16.21,275.57,23.04,391.68,116.11
2024-09-15,2024.0,Jardín Express,Tulipanes,9.0,22.47,202.23,33.09,297.81,95.58
2024-09-15,2024.0,Portal de las Flores,Lirios,35.0,14.21,497.35,20.64,722.4,225.05
2024-09-17,2024.0,Jardín Express,Lirios,11.0,18.23,200.53,28.09,308.99,108.46
2024-09-17,2024.0,Portal de las Flores,Tulipanes,10.0,,242.7,37.77,377.7,135.0
2024-09-17,2024.0,Florería Central,Rosas,10.0,22.23,222.3,30.11,301.1,78.8
2024-09-19,2024.0,EcoFlores Norte,Lirios,11.0,,224.84,28.65,315.15,90.31
2024-09-20,2024.0,Florería Central,Lirios,2.0,12.25,24.5,17.92,35.84,11.34
2024-09-20,2024.0,Portal de las Flores,Lirios,39.0,21.63,843.57,36.06,1406.34,562.77
2024-09-20,2024.0,Florería Central,Orquídeas,11.0,36.11,397.21,52.95,582.45,185.24
2024-09-21,2024.0,Portal de las Flores,Orquídeas,44.0,53.64,2360.16,81.7,3594.8,1234.64
2024-09-22,2024.0,EcoFlores Norte,Lirios,15.0,15.49,232.35,24.44,366.6,134.25
2024-09-23,2024.0,EcoFlores Norte,Tulipanes,14.0,23.35,326.9,38.72,542.08,215.18
2024-09-24,2024.0,EcoFlores Norte,Rosas,42.0,21.64,908.88,31.06,1304.52,395.64
2024-09-24,2024.0,Portal de las Flores,Orquídeas,43.0,35.31,1518.33,48.08,2067.44,549.11
2024-09-24,2024.0,EcoFlores Norte,Girasoles,35.0,15.33,536.55,20.66,723.1,186.55
2024-09-24,2024.0,EcoFlores Norte,Lirios,,17.88,303.96,26.68,453.56,149.6
2024-09-24,2024.0,Florería Central,Orquídeas,43.0,50.94,2190.42,71.15,3059.45,869.03
2024-09-25,2024.0,Florería Central,Girasoles,34.0,15.59,530.06,22.73,772.82,242.76
2024-09-26,2024.0,Florería Central,Tulipanes,1.0,26.77,26.77,36.47,36.47,9.7
2024-09-26,2024.0,Florería Central,Tulipanes,37.0,29.95,1108.15,44.33,1640.21,532.06
2024-09-27,2024.0,EcoFlores Norte,Orquídeas,500.0,57.36,28680.0,97.32,48660.0,19980.0
2024-09-27,2024.0,Jardín Express,Lirios,22.0,14.55,320.1,22.77,500.94,180.84
2024-09-28,2024.0,Portal de las Flores,Lirios,41.0,12.0,492.0,17.6,721.6,229.6
2024-09-28,2024.0,Portal de las Flores,Rosas,44.0,19.36,851.84,30.97,1362.68,510.84
2024-09-29,2024.0,Portal de las Flores,Orquídeas,34.0,59.38,2018.92,100.13,3404.42,1385.5
2024-09-29,2024.0,Jardín Express,Tulipanes,15.0,29.54,443.1,46.43,696.45,253.35
2024-09-29,2024.0,EcoFlores Norte,Rosas,36.0,23.48,845.28,35.65,1283.4,438.12
2024-09-30,2024.0,Florería Central,Orquídeas,2.0,47.45,94.9,67.57,135.14,40.24
2024-09-30,2024.0,Portal de las Flores,Tulipanes,12.0,20.97,251.64,28.6,343.2,91.56
2024-09-30,2024.0,EcoFlores Norte,Girasoles,20.0,12.32,246.4,19.88,397.6,151.2
2024-10-01,2024.0,EcoFlores Norte,Girasoles,31.0,15.33,475.23,23.15,717.65,242.42
2024-10-03,2024.0,Portal de las Flores,Tulipanes,4.0,22.61,90.44,33.52,134.08,43.64
2024-10-03,2024.0,Portal de las Flores,Tulipanes,47.0,19.26,905.22,26.75,1257.25,352.03
2024-10-03,2024.0,Portal de las Flores,Girasoles,10.0,11.55,115.5,17.08,170.8,55.3
2024-10-03,2024.0,,Orquídeas,28.0,53.28,1491.84,88.65,2482.2,990.36
2024-10-03,2024.0,EcoFlores Norte,Girasoles,27.0,11.28,304.56,14.77,398.79,94.23
2024-10-04,2024.0,EcoFlores Norte,Girasoles,10.0,13.2,132.0,20.06,200.6,68.6
2024-10-05,2024.0,Portal de las Flores,Lirios,30.0,18.48,554.4,24.14,724.2,169.8
2024-10-06,2024.0,Portal de las Flores,Orquídeas,17.0,35.39,601.63,51.1,868.7,267.07
2024-10-06,2024.0,EcoFlores Norte,Tulipanes,47.0,27.17,1276.99,41.55,1952.85,675.86
2024-10-06,2024.0,,Tulipanes,46.0,23.5,1081.0,35.11,1615.06,534.06
2024-10-07,2024.0,Portal de las Flores,Tulipanes,19.0,26.89,510.91,43.1,818.9,307.99
2024-10-07,2024.0,Jardín Express,Girasoles,8.0,12.16,97.28,16.75,134.0,36.72
2024-10-08,2024.0,Portal de las Flores,Rosas,14.0,21.74,304.36,35.6,498.4,194.04
2024-10-08,2024.0,Portal de las Flores,Orquídeas,45.0,43.44,1954.8,70.42,3168.9,1214.1
2024-10-09,2024.0,Jardín Express,Girasoles,44.0,13.46,592.24,17.99,791.56,199.32
2024-10-09,2024.0,Portal de las Flores,Tulipanes,21.0,19.5,409.5,29.05,610.05,200.55
2024-10-09,2024.0,EcoFlores Norte,Lirios,34.0,20.42,694.28,31.29,1063.86,369.58
2024-10-10,2024.0,Florería Central,Tulipanes,37.0,29.47,1090.39,42.01,1554.37,463.98
2024-10-11,2024.0,EcoFlores Norte,Lirios,46.0,15.97,734.62,24.04,1105.84,371.22
2024-10-11,2024.0,Jardín Express,Girasoles,27.0,10.16,274.32,15.59,420.93,146.61
2024-10-11,2024.0,Jardín Express,Lirios,27.0,15.76,425.52,26.31,710.37,284.85
2024-10-11,2024.0,Jardín Express,Lirios,14.0,16.38,229.32,23.33,326.62,97.3
2024-10-11,2024.0,EcoFlores Norte,Girasoles,17.0,17.46,296.82,28.48,484.16,187.34
2024-10-12,2024.0,Florería Central,Lirios,49.0,16.16,791.84,22.68,1111.32,319.48
2024-10-13,2024.0,Jardín Express,Girasoles,39.0,17.37,677.43,29.31,1143.09,465.66
2024-10-14,2024.0,Portal de las Flores,Tulipanes,36.0,25.5,918.0,33.88,1219.68,301.68
2024-10-14,2024.0,Jardín Express,Lirios,24.0,21.38,513.12,29.26,702.24,189.12
2024-10-14,2024.0,EcoFlores Norte,Girasoles,26.0,15.6,405.6,25.02,650.52,244.92
2024-10-15,2024.0,Jardín Express,Rosas,24.0,15.1,362.4,20.14,483.36,120.96
2024-10-15,2024.0,Portal de las Flores,Orquídeas,33.0,45.6,1504.8,62.07,2048.31,543.51
2024-10-15,2024.0,Portal de las Flores,Tulipanes,19.0,25.34,481.46,36.7,697.3,215.84
2024-10-15,2024.0,Jardín Express,Lirios,20.0,15.16,303.2,20.24,404.8,101.6
2024-10-15,2024.0,Portal de las Flores,Girasoles,16.0,17.86,285.76,27.7,443.2,157.44
2024-10-15,2024.0,,Orquídeas,43.0,35.36,1520.48,57.33,2465.19,944.71
2024-10-17,2024.0,Florería Central,Lirios,,21.85,1070.65,30.23,1481.27,410.62
2024-10-18,2024.0,Portal de las Flores,Rosas,5.0,24.48,122.4,39.33,196.65,74.25
2024-10-18,2024.0,EcoFlores Norte,Orquídeas,35.0,55.0,1925.0,76.82,2688.7,763.7
2024-10-19,2024.0,Jardín Express,Lirios,20.0,14.66,293.2,22.52,450.4,157.2
2024-10-20,2024.0,Jardín Express,Tulipanes,41.0,27.5,1127.5,41.79,1713.39,585.89
2024-10-21,2024.0,EcoFlores Norte,Orquídeas,5.0,42.23,211.15,61.14,305.7,94.55
2024-10-22,2024.0,Florería Central,Lirios,22.0,18.08,397.76,26.42,581.24,183.48
2024-10-22,2024.0,EcoFlores Norte,Girasoles,14.0,14.76,206.64,22.37,313.18,106.54
2024-10-22,2024.0,Jardín Express,Lirios,26.0,20.51,533.26,29.5,767.0,233.74
2024-10-22,2024.0,EcoFlores Norte,Rosas,13.0,22.82,296.66,34.84,452.92,156.26
2024-10-22,2024.0,Jardín Express,Rosas,45.0,17.43,784.35,24.69,1111.05,326.7
2024-10-22,2024.0,Portal de las Flores,Rosas,34.0,19.69,669.46,32.91,1118.94,449.48
2024-10-23,2024.0,Portal de las Flores,Tulipanes,12.0,22.78,273.36,38.1,457.2,183.84
2024-10-24,2024.0,Portal de las Flores,Orquídeas,41.0,53.49,2193.09,73.63,3018.83,825.74
2024-10-26,2024.0,EcoFlores Norte,Orquídeas,,53.73,376.11,81.58,571.06,194.95
2024-10-27,2024.0,Florería Central,Girasoles,32.0,11.01,352.32,15.18,485.76,133.44
2024-10-28,2024.0,Jardín Express,Lirios,45.0,15.1,679.5,20.73,932.85,253.35
2024-10-28,2024.0,Jardín Express,Rosas,9.0,24.23,218.07,38.18,343.62,125.55
2024-10-28,2024.0,Jardín Express,Girasoles,38.0,12.05,457.9,15.81,600.78,142.88
2024-10-28,2024.0,Florería Central,Girasoles,2.0,15.04,30.08,21.05,42.1,12.02
2024-10-29,2024.0,EcoFlores Norte,Lirios,9.0,12.86,115.74,17.01,153.09,37.35
2024-10-29,2024.0,Florería Central,Girasoles,,13.67,68.35,20.86,104.3,35.95
2024-10-30,2024.0,Jardín Express,Rosas,9.0,22.88,205.92,35.83,322.47,116.55
2024-10-31,2024.0,EcoFlores Norte,Girasoles,44.0,10.83,476.52,14.83,652.52,176.0
2024-10-31,2024.0,Jardín Express,Girasoles,32.0,10.6,339.2,15.33,490.56,151.36
2024-10-31,2024.0,EcoFlores Norte,Girasoles,42.0,16.0,672.0,25.58,1074.36,402.36
2024-11-01,2024.0,Portal de las Flores,Orquídeas,8.0,42.88,343.04,58.03,464.24,121.2
2024-11-01,2024.0,Portal de las Flores,Orquídeas,4.0,44.9,179.6,71.95,287.8,108.2
2024-11-03,2024.0,Florería Central,Lirios,15.0,16.52,247.8,27.99,419.85,172.05
2024-11-04,2024.0,EcoFlores Norte,Lirios,36.0,18.48,665.28,28.42,1023.12,357.84
2024-11-04,2024.0,Portal de las Flores,Lirios,29.0,19.35,561.15,30.0,870.0,308.85
2024-11-05,2024.0,Portal de las Flores,Girasoles,6.0,17.75,106.5,28.14,168.84,62.34
2024-11-05,2024.0,Portal de las Flores,Lirios,3.0,18.56,55.68,27.63,82.89,27.21
2024-11-06,2024.0,Jardín Express,Lirios,46.0,13.73,631.58,19.93,916.78,285.2
2024-11-07,2024.0,Jardín Express,Rosas,42.0,22.8,957.6,31.47,1321.74,364.14
2024-11-07,2024.0,EcoFlores Norte,Tulipanes,16.0,27.71,443.36,45.73,731.68,288.32
2024-11-08,2024.0,Florería Central,Orquídeas,3.0,50.06,150.18,71.53,214.59,64.41
2024-11-08,2024.0,Jardín Express,Lirios,28.0,17.36,486.08,26.06,729.68,243.6
2024-11-09,2024.0,,Tulipanes,35.0,18.37,642.95,28.67,1003.45,360.5
2024-11-09,2024.0,Florería Central,Girasoles,41.0,17.5,717.5,26.97,1105.77,388.27
2024-11-10,2024.0,Florería Central,Lirios,1.0,14.47,14.47,23.79,23.79,9.32
2024-11-11,2024.0,Jardín Express,Tulipanes,22.0,21.99,483.78,33.36,733.92,250.14
2024-11-11,2024.0,Florería Central,Lirios,39.0,19.31,753.09,31.47,1227.33,474.24
2024-11-13,2024.0,Portal de las Flores,Rosas,1.0,23.08,23.08,33.59,33.59,10.51
2024-11-13,2024.0,Portal de las Flores,Girasoles,,17.75,585.75,29.7,980.1,394.35
2024-11-13,2024.0,EcoFlores Norte,Orquídeas,11.0,43.0,473.0,68.85,757.35,284.35
2024-11-13,2024.0,Portal de las Flores,Lirios,44.0,14.31,629.64,20.92,920.48,290.84
2024-11-13,2024.0,Portal de las Flores,Orquídeas,30.0,40.29,1208.7,64.24,1927.2,718.5
2024-11-14,2024.0,EcoFlores Norte,Lirios,11.0,18.19,200.09,25.9,284.9,84.81
2024-11-14,2024.0,Portal de las Flores,Girasoles,8.0,12.7,101.6,17.42,139.36,37.76
2024-11-15,2024.0,EcoFlores Norte,Girasoles,19.0,12.61,239.59,16.5,313.5,73.91
2024-11-15,2024.0,Florería Central,Orquídeas,32.0,39.01,1248.32,59.1,1891.2,642.88
2024-11-15,2024.0,Jardín Express,Lirios,37.0,13.19,488.03,17.89,661.93,173.9
2024-11-16,2024.0,Portal de las Flores,Tulipanes,17.0,25.48,433.16,33.77,574.09,140.93
2024-11-16,2024.0,EcoFlores Norte,Rosas,45.0,22.54,1014.3,29.63,1333.35,319.05
2024-11-17,2024.0,EcoFlores Norte,Rosas,37.0,23.49,869.13,34.27,1267.99,398.86
2024-11-18,2024.0,Portal de las Flores,Tulipanes,17.0,21.62,367.54,28.92,491.64,124.1
2024-11-18,2024.0,Portal de las Flores,Girasoles,29.0,14.67,425.43,24.01,696.29,270.86
2024-11-18,2024.0,Jardín Express,Girasoles,8.0,10.89,87.12,17.68,141.44,54.32
2024-11-19,2024.0,Portal de las Flores,Lirios,34.0,20.42,694.28,26.79,910.86,216.58
2024-11-19,2024.0,Portal de las Flores,Rosas,36.0,20.86,750.96,32.01,1152.36,401.4
2024-11-19,2024.0,Jardín Express,Lirios,32.0,19.1,611.2,25.69,822.08,210.88
2024-11-20,2024.0,Florería Central,Rosas,27.0,20.2,545.4,26.86,725.22,179.82
2024-11-21,2024.0,Jardín Express,Orquídeas,3.0,59.18,177.54,93.86,281.58,104.04
2024-11-21,2024.0,Jardín Express,Orquídeas,6.0,44.3,265.8,65.59,393.54,127.74
2024-11-22,2024.0,EcoFlores Norte,Orquídeas,38.0,55.96,2126.48,80.84,3071.92,945.44
2024-11-22,2024.0,Portal de las Flores,Rosas,37.0,20.0,740.0,27.02,999.74,259.74
2024-11-23,2024.0,Florería Central,Lirios,5.0,21.53,107.65,35.77,178.85,71.2
2024-11-24,2024.0,Florería Central,Lirios,1.0,20.33,20.33,33.99,33.99,13.66
2024-11-24,2024.0,Florería Central,Orquídeas,32.0,56.14,1796.48,75.55,2417.6,621.12
2024-11-25,2024.0,Florería Central,Tulipanes,,,182.98,37.36,261.52,78.54
2024-11-25,2024.0,Jardín Express,Girasoles,15.0,15.85,237.75,22.43,336.45,98.7
2024-11-25,2024.0,Jardín Express,Girasoles,45.0,17.19,773.55,28.51,1282.95,509.4
2024-11-25,2024.0,Jardín Express,Orquídeas,49.0,51.81,2538.69,74.17,3634.33,1095.64
2024-11-25,2024.0,EcoFlores Norte,Girasoles,18.0,12.66,227.88,21.16,380.88,153.0
2024-11-26,2024.0,Jardín Express,Rosas,17.0,15.67,266.39,23.62,401.54,135.15
2024-11-26,2024.0,Florería Central,Lirios,12.0,12.06,144.72,17.06,204.72,60.0
2024-11-27,2024.0,Florería Central,Rosas,1.0,16.61,16.61,28.09,28.09,11.48
2024-11-29,2024.0,EcoFlores Norte,Lirios,25.0,14.85,371.25,23.05,576.25,205.0
2024-11-30,2024.0,Jardín Express,Lirios,34.0,19.93,677.62,33.13,1126.42,448.8
2024-11-30,2024.0,Portal de las Flores,Lirios,38.0,20.68,785.84,29.34,1114.92,329.08
2024-11-30,2024.0,EcoFlores Norte,Tulipanes,43.0,29.63,1274.09,43.0,1849.0,574.91
2024-12-01,2024.0,Florería Central,Girasoles,47.0,17.61,827.67,24.99,1174.53,346.86
2024-12-02,2024.0,Florería Central,Tulipanes,16.0,25.16,402.56,40.86,653.76,251.2
2024-12-03,2024.0,Jardín Express,Rosas,19.0,23.69,450.11,34.36,652.84,202.73
2024-12-03,2024.0,Jardín Express,Lirios,28.0,20.58,576.24,33.5,938.0,361.76
2024-12-03,2024.0,Jardín Express,Tulipanes,41.0,22.76,933.16,30.38,1245.58,312.42
2024-12-04,2024.0,Jardín Express,Tulipanes,11.0,24.76,272.36,40.15,441.65,169.29
2024-12-04,2024.0,Florería Central,Orquídeas,11.0,36.58,402.38,49.48,544.28,141.9
2024-12-05,2024.0,EcoFlores Norte,Lirios,11.0,16.95,186.45,24.65,271.15,84.7
2024-12-05,2024.0,EcoFlores Norte,Girasoles,41.0,13.51,553.91,21.48,880.68,326.77
2024-12-05,2024.0,Jardín Express,Rosas,47.0,17.36,815.92,27.16,1276.52,460.6
2024-12-06,2024.0,EcoFlores Norte,Lirios,35.0,21.52,753.2,29.93,1047.55,294.35
2024-12-07,2024.0,Jardín Express,Rosas,5.0,20.31,101.55,31.69,158.45,56.9
2024-12-07,2024.0,Florería Central,Tulipanes,34.0,23.5,799.0,37.37,1270.58,471.58
2024-12-07,2024.0,EcoFlores Norte,Tulipanes,29.0,27.79,805.91,40.33,1169.57,363.66
2024-12-07,2024.0,,Orquídeas,11.0,51.42,565.62,81.42,895.62,330.0
2024-12-07,2024.0,EcoFlores Norte,Orquídeas,7.0,41.84,292.88,70.79,495.53,202.65
2024-12-09,2024.0,EcoFlores Norte,Lirios,48.0,17.23,827.04,27.02,1296.96,469.92
2024-12-09,2024.0,EcoFlores Norte,Rosas,15.0,20.2,303.0,31.73,475.95,172.95
2024-12-09,2024.0,Jardín Express,Orquídeas,29.0,35.55,1030.95,50.82,1473.78,442.83
2024-12-09,2024.0,Jardín Express,Rosas,44.0,18.1,796.4,25.85,1137.4,341.0
2024-12-11,2024.0,Jardín Express,Orquídeas,39.0,39.18,1528.02,61.2,2386.8,858.78
2024-12-11,2024.0,Jardín Express,Lirios,24.0,16.25,390.0,23.37,560.88,170.88
2024-12-11,2024.0,Florería Central,Girasoles,3.0,17.18,51.54,23.49,70.47,18.93
2024-12-11,2024.0,Portal de las Flores,Tulipanes,34.0,23.34,793.56,30.59,1040.06,246.5
2024-12-11,2024.0,Florería Central,Girasoles,2.0,15.37,30.74,25.03,50.06,19.32
2024-12-11,2024.0,Jardín Express,Rosas,20.0,15.91,318.2,20.89,417.8,99.6
2024-12-11,2024.0,Portal de las Flores,Lirios,23.0,17.69,406.87,23.42,538.66,131.79
2024-12-12,2024.0,Florería Central,Tulipanes,7.0,20.68,144.76,31.4,219.8,75.04
2024-12-13,2024.0,Florería Central,Lirios,27.0,16.02,432.54,25.5,688.5,255.96
2024-12-13,2024.0,EcoFlores Norte,Girasoles,28.0,17.26,483.28,23.52,658.56,175.28
2024-12-13,2024.0,EcoFlores Norte,Girasoles,17.0,17.65,300.05,28.15,478.55,178.5
2024-12-13,2024.0,Portal de las Flores,Tulipanes,37.0,26.99,998.63,39.74,1470.38,471.75
2024-12-14,2024.0,Jardín Express,Lirios,48.0,21.96,1054.08,29.07,1395.36,341.28
2024-12-14,2024.0,EcoFlores Norte,Tulipanes,37.0,27.21,1006.77,37.61,1391.57,384.8
2024-12-14,2024.0,Portal de las Flores,Orquídeas,8.0,42.18,337.44,68.21,545.68,208.24
2024-12-14,2024.0,Florería Central,Lirios,21.0,21.52,451.92,28.41,596.61,144.69
2024-12-14,2024.0,EcoFlores Norte,Tulipanes,7.0,27.12,189.84,42.59,298.13,108.29
2024-12-15,2024.0,Jardín Express,Lirios,1500.0,13.05,19575.0,17.64,26460.0,6885.0
2024-12-15,2024.0,EcoFlores Norte,Rosas,23.0,21.2,487.6,31.61,727.03,239.43
2024-12-15,2024.0,Florería Central,Tulipanes,41.0,24.37,999.17,38.95,1596.95,597.78
2024-12-15,2024.0,EcoFlores Norte,Orquídeas,26.0,48.06,1249.56,66.69,1733.94,484.38
2024-12-19,2024.0,EcoFlores Norte,Rosas,24.0,22.25,534.0,36.74,881.76,347.76
2024-12-21,2024.0,Jardín Express,Tulipanes,38.0,22.64,860.32,36.87,1401.06,540.74
2024-12-21,2024.0,Jardín Express,Lirios,28.0,15.67,438.76,23.67,662.76,224.0
2024-12-22,2024.0,Florería Central,Lirios,9.0,14.56,131.04,20.04,180.36,49.32
2024-12-22,2024.0,Jardín Express,Lirios,5.0,15.53,77.65,24.05,120.25,42.6
2024-12-23,2024.0,Jardín Express,Lirios,44.0,13.16,579.04,20.33,894.52,315.48
2024-12-24,2024.0,Florería Central,Tulipanes,48.0,20.25,972.0,26.41,1267.68,295.68
2024-12-24,2024.0,Portal de las Flores,Orquídeas,25.0,39.09,977.25,55.1,1377.5,400.25
2024-12-24,2024.0,Portal de las Flores,Orquídeas,47.0,51.68,2428.96,86.03,4043.41,1614.45
2024-12-25,2024.0,Jardín Express,Girasoles,3.0,11.48,34.44,15.85,47.55,13.11
2024-12-25,2024.0,EcoFlores Norte,Tulipanes,18.0,21.67,390.06,32.36,582.48,192.42
2024-12-26,2024.0,Portal de las Flores,Girasoles,12.0,13.04,156.48,21.13,253.56,97.08
2024-12-26,2024.0,Portal de las Flores,Tulipanes,20.0,27.84,556.8,47.32,946.4,389.6
2024-12-28,2024.0,EcoFlores Norte,Orquídeas,17.0,38.14,648.38,54.33,923.61,275.23
2024-12-28,2024.0,Florería Central,Orquídeas,34.0,,1409.3,61.58,2093.72,684.42
2024-12-28,2024.0,Portal de las Flores,Girasoles,34.0,10.51,357.34,14.41,489.94,132.6
2024-12-29,2024.0,EcoFlores Norte,Rosas,11.0,21.34,234.74,28.36,311.96,77.22
2024-12-29,2024.0,Florería Central,Lirios,32.0,13.16,421.12,22.21,710.72,289.6
2024-12-30,2024.0,Florería Central,Rosas,47.0,16.54,777.38,21.67,1018.49,241.11
2024-12-30,2024.0,Jardín Express,Lirios,22.0,16.05,353.1,22.59,496.98,143.88
2024-12-30,2024.0,Florería Central,Lirios,2.0,14.33,28.66,19.29,38.58,9.92
2024-12-30,2024.0,Jardín Express,Rosas,31.0,18.06,559.86,29.42,912.02,352.16
2024-12-31,2024.0,Jardín Express,Orquídeas,,57.26,1202.46,80.63,1693.23,490.77
2025-01-01,2025.0,Portal de las Flores,Orquídeas,37.0,53.7,1986.9,73.05,2702.85,715.95
2025-01-01,2025.0,Jardín Express,Tulipanes,12.0,22.61,271.32,33.61,403.32,132.0
2025-01-03,2025.0,Florería Central,Lirios,22.0,20.43,449.46,30.52,671.44,221.98
2025-01-03,2025.0,EcoFlores Norte,Rosas,46.0,18.99,873.54,31.24,1437.04,563.5
2025-01-03,2025.0,Portal de las Flores,Orquídeas,26.0,57.82,1503.32,83.02,2158.52,655.2
2025-01-04,2025.0,Portal de las Flores,Tulipanes,8.0,19.94,159.52,29.73,237.84,78.32
2025-01-05,2025.0,Portal de las Flores,Lirios,6.0,20.32,121.92,30.18,181.08,59.16
2025-01-05,2025.0,EcoFlores Norte,Tulipanes,22.0,26.82,590.04,37.57,826.54,236.5
2025-01-05,2025.0,EcoFlores Norte,Orquídeas,45.0,39.61,1782.45,52.4,2358.0,575.55
2025-01-06,2025.0,Portal de las Flores,Rosas,13.0,20.8,270.4,32.26,419.38,148.98
2025-01-07,2025.0,Portal de las Flores,Girasoles,7.0,14.33,100.31,24.15,169.05,68.74
2025-01-07,2025.0,Florería Central,Lirios,17.0,20.99,356.83,35.37,601.29,244.46
2025-01-07,2025.0,Jardín Express,Rosas,19.0,20.13,382.47,26.92,511.48,129.01
2025-01-07,2025.0,Portal de las Flores,Rosas,38.0,23.96,910.48,38.76,1472.88,562.4
2025-01-08,2025.0,EcoFlores Norte,Orquídeas,29.0,50.66,1469.14,71.68,2078.72,609.58
2025-01-08,2025.0,Portal de las Flores,Girasoles,14.0,13.32,186.48,18.83,263.62,77.14
2025-01-08,2025.0,EcoFlores Norte,Rosas,37.0,16.6,614.2,24.64,911.68,297.48
2025-01-08,2025.0,Jardín Express,Lirios,5.0,19.64,98.2,29.64,148.2,50.0
2025-01-09,2025.0,Florería Central,Rosas,38.0,22.89,869.82,33.84,1285.92,416.1
2025-01-10,2025.0,Florería Central,Rosas,40.0,19.02,760.8,25.31,1012.4,251.6
2025-01-10,2025.0,Portal de las Flores,Lirios,19.0,14.01,266.19,19.7,374.3,108.11
2025-01-10,2025.0,Florería Central,Lirios,40.0,20.63,825.2,31.21,1248.4,423.2
2025-01-11,2025.0,Jardín Express,Orquídeas,40.0,40.31,1612.4,54.27,2170.8,558.4
2025-01-11,2025.0,Portal de las Flores,Orquídeas,41.0,51.1,2095.1,77.27,3168.07,1072.97
2025-01-11,2025.0,Jardín Express,Rosas,5.0,19.29,96.45,28.71,143.55,47.1
2025-01-12,2025.0,Florería Central,Tulipanes,49.0,18.45,904.05,29.28,1434.72,530.67
2025-01-12,2025.0,Jardín Express,Orquídeas,47.0,51.16,2404.52,79.76,3748.72,1344.2
2025-01-13,2025.0,,Orquídeas,35.0,,1341.9,64.19,2246.65,904.75
2025-01-13,2025.0,Jardín Express,Rosas,500.0,23.63,11815.0,32.77,16385.0,4570.0
2025-01-14,2025.0,EcoFlores Norte,Lirios,7.0,14.53,101.71,21.51,150.57,48.86
2025-01-14,2025.0,EcoFlores Norte,Girasoles,26.0,,463.84,27.83,723.58,259.74
2025-01-14,2025.0,Florería Central,Lirios,4.0,17.74,70.96,27.59,110.36,39.4
2025-01-14,2025.0,Portal de las Flores,Tulipanes,46.0,24.01,1104.46,36.42,1675.32,570.86
2025-01-15,2025.0,Jardín Express,Tulipanes,24.0,20.27,486.48,28.64,687.36,200.88
2025-01-18,2025.0,Portal de las Flores,Girasoles,1.0,14.23,14.23,23.2,23.2,8.97
2025-01-19,2025.0,Portal de las Flores,Rosas,15.0,17.06,255.9,23.01,345.15,89.25
2025-01-19,2025.0,Jardín Express,Tulipanes,10.0,23.13,231.3,33.12,331.2,99.9
2025-01-19,2025.0,EcoFlores Norte,Lirios,6.0,18.31,109.86,24.17,145.02,35.16
2025-01-20,2025.0,EcoFlores Norte,Orquídeas,24.0,51.91,1245.84,84.2,2020.8,774.96
2025-01-20,2025.0,Florería Central,Girasoles,15.0,13.95,209.25,23.22,348.3,139.05
2025-01-20,2025.0,Portal de las Flores,Girasoles,35.0,13.42,469.7,20.91,731.85,262.15
2025-01-20,2025.0,,Lirios,11.0,14.21,156.31,18.94,208.34,52.03
2025-01-20,2025.0,EcoFlores Norte,Tulipanes,22.0,26.48,582.56,35.09,771.98,189.42
2025-01-20,2025.0,Portal de las Flores,Lirios,43.0,12.77,549.11,16.69,717.67,168.56
2025-01-21,2025.0,EcoFlores Norte,Orquídeas,19.0,47.46,901.74,63.16,1200.04,298.3
2025-01-21,2025.0,Florería Central,Tulipanes,21.0,24.79,520.59,41.44,870.24,349.65
2025-01-22,2025.0,Portal de las Flores,Girasoles,3.0,13.54,40.62,19.39,58.17,17.55
2025-01-22,2025.0,Jardín Express,Lirios,19.0,21.76,413.44,31.22,593.18,179.74
2025-01-23,2025.0,Florería Central,Girasoles,5.0,16.13,80.65,23.23,116.15,35.5
2025-01-23,2025.0,Florería Central,Orquídeas,22.0,42.69,939.18,63.9,1405.8,466.62
2025-01-24,2025.0,EcoFlores Norte,Orquídeas,43.0,58.71,2524.53,82.25,3536.75,1012.22
2025-01-24,2025.0,Florería Central,Rosas,14.0,16.6,232.4,23.81,333.34,100.94
2025-01-25,2025.0,EcoFlores Norte,Tulipanes,3.0,27.91,83.73,45.12,135.36,51.63
2025-01-25,2025.0,Florería Central,Orquídeas,40.0,45.71,1828.4,59.92,2396.8,568.4
2025-01-25,2025.0,Florería Central,Orquídeas,49.0,49.95,2447.55,76.96,3771.04,1323.49
2025-01-26,2025.0,Florería Central,Girasoles,26.0,12.91,335.66,20.88,542.88,207.22
2025-01-26,2025.0,Florería Central,Rosas,12.0,15.8,189.6,22.78,273.36,83.76
2025-01-26,2025.0,EcoFlores Norte,Tulipanes,42.0,28.8,1209.6,41.51,1743.42,533.82
2025-01-27,2025.0,Florería Central,Orquídeas,42.0,47.53,1996.26,69.34,2912.28,916.02
2025-01-27,2025.0,Jardín Express,Orquídeas,10.0,56.0,560.0,89.64,896.4,336.4
2025-01-27,2025.0,EcoFlores Norte,Lirios,11.0,20.27,222.97,27.4,301.4,78.43
2025-01-27,2025.0,Portal de las Flores,Girasoles,7.0,11.69,81.83,16.27,113.89,32.06
2025-01-28,2025.0,Florería Central,Girasoles,37.0,11.63,430.31,17.07,631.59,201.28
2025-01-28,2025.0,Portal de las Flores,Girasoles,15.0,16.0,240.0,24.46,366.9,126.9
2025-01-30,2025.0,Florería Central,Rosas,11.0,16.64,183.04,23.66,260.26,77.22
2025-01-30,2025.0,Jardín Express,Tulipanes,9.0,29.35,264.15,44.96,404.64,140.49
2025-01-30,2025.0,,Lirios,40.0,18.67,746.8,24.98,999.2,252.4
2025-01-30,2025.0,Florería Central,Orquídeas,28.0,44.77,1253.56,61.04,1709.12,455.56
2025-01-31,2025.0,Jardín Express,Orquídeas,10.0,35.12,351.2,58.81,588.1,236.9
2025-01-31,2025.0,Portal de las Flores,Girasoles,43.0,16.65,715.95,27.25,1171.75,455.8
2025-01-31,2025.0,Portal de las Flores,Girasoles,8.0,10.55,84.4,15.28,122.24,37.84
2025-02-01,2025.0,Jardín Express,Lirios,23.0,12.41,285.43,20.46,470.58,185.15
2025-02-01,2025.0,Florería Central,Girasoles,12.0,13.95,167.4,22.94,275.28,107.88
2025-02-01,2025.0,Portal de las Flores,Orquídeas,6.0,57.98,347.88,86.9,521.4,173.52
2025-02-02,2025.0,Portal de las Flores,Rosas,14.0,20.56,287.84,30.05,420.7,132.86
2025-02-03,2025.0,Portal de las Flores,Orquídeas,44.0,36.3,1597.2,57.1,2512.4,915.2
2025-02-04,2025.0,Florería Central,Rosas,24.0,16.15,387.6,26.55,637.2,249.6
2025-02-04,2025.0,Florería Central,Rosas,39.0,23.74,925.86,37.74,1471.86,546.0
2025-02-04,2025.0,Florería Central,Girasoles,5.0,12.3,61.5,18.73,93.65,32.15
2025-02-04,2025.0,Portal de las Flores,Girasoles,44.0,17.33,762.52,25.02,1100.88,338.36
2025-02-04,2025.0,Portal de las Flores,Lirios,43.0,13.96,600.28,18.85,810.55,210.27
2025-02-04,2025.0,Florería Central,Girasoles,35.0,17.14,599.9,27.31,955.85,355.95
2025-02-05,2025.0,Florería Central,Girasoles,31.0,16.54,512.74,27.84,863.04,350.3
2025-02-05,2025.0,Jardín Express,Rosas,34.0,22.56,767.04,32.88,1117.92,350.88
2025-02-05,2025.0,Florería Central,Lirios,5.0,13.03,65.15,19.99,99.95,34.8
2025-02-05,2025.0,Florería Central,Girasoles,5.0,10.79,53.95,14.35,71.75,17.8
2025-02-06,2025.0,Portal de las Flores,Orquídeas,28.0,51.05,1429.4,74.75,2093.0,663.6
2025-02-06,2025.0,Jardín Express,Tulipanes,1.0,27.36,27.36,35.64,35.64,8.28
2025-02-06,2025.0,Portal de las Flores,Tulipanes,20.0,24.69,493.8,33.74,674.8,181.0
2025-02-07,2025.0,EcoFlores Norte,Orquídeas,8.0,56.93,455.44,81.53,652.24,196.8
2025-02-08,2025.0,Jardín Express,Lirios,47.0,-25.0,982.77,30.94,1454.18,471.41
2025-02-08,2025.0,EcoFlores Norte,Rosas,16.0,21.45,343.2,28.09,449.44,106.24
2025-02-08,2025.0,Jardín Express,Girasoles,35.0,12.6,441.0,19.84,694.4,253.4
2025-02-09,2025.0,EcoFlores Norte,Rosas,45.0,17.99,809.55,26.34,1185.3,375.75
2025-02-10,2025.0,EcoFlores Norte,Tulipanes,23.0,19.82,455.86,26.25,603.75,147.89
2025-02-10,2025.0,Florería Central,Lirios,26.0,19.15,497.9,26.95,700.7,202.8
2025-02-10,2025.0,Jardín Express,Tulipanes,44.0,21.89,963.16,31.37,1380.28,417.12
2025-02-11,2025.0,Jardín Express,Girasoles,,15.55,684.2,24.25,1067.0,382.8
2025-02-11,2025.0,Florería Central,Rosas,,22.82,456.4,35.55,711.0,254.6
2025-02-12,2025.0,EcoFlores Norte,Lirios,500.0,17.43,8715.0,25.08,12540.0,3825.0
2025-02-13,2025.0,Portal de las Flores,Girasoles,14.0,16.44,230.16,23.34,326.76,96.6
2025-02-13,2025.0,Portal de las Flores,Girasoles,38.0,12.2,463.6,17.48,664.24,200.64
2025-02-14,2025.0,Florería Central,Orquídeas,47.0,41.31,1941.57,66.18,3110.46,1168.89
2025-02-14,2025.0,Florería Central,Lirios,4.0,17.44,69.76,27.52,110.08,40.32
2025-02-14,2025.0,Jardín Express,Rosas,13.0,20.45,265.85,27.61,358.93,93.08
2025-02-16,2025.0,EcoFlores Norte,Lirios,46.0,15.85,729.1,23.71,1090.66,361.56
2025-02-17,2025.0,EcoFlores Norte,Lirios,17.0,13.02,221.34,21.37,363.29,141.95
2025-02-17,2025.0,Florería Central,Lirios,4.0,18.49,73.96,29.2,116.8,42.84
2025-02-18,2025.0,Florería Central,Orquídeas,30.0,56.36,1690.8,84.33,2529.9,839.1
2025-02-18,2025.0,EcoFlores Norte,Lirios,26.0,13.01,338.26,18.16,472.16,133.9
2025-02-18,2025.0,EcoFlores Norte,Rosas,1.0,19.58,19.58,27.23,27.23,7.65
2025-02-19,2025.0,EcoFlores Norte,Tulipanes,11.0,29.56,325.16,45.05,495.55,170.39
2025-02-19,2025.0,Florería Central,Tulipanes,33.0,24.45,806.85,31.83,1050.39,243.54
2025-02-20,2025.0,Jardín Express,Orquídeas,33.0,40.36,1331.88,56.84,1875.72,543.84
2025-02-21,2025.0,Florería Central,Orquídeas,40.0,53.0,2120.0,71.04,2841.6,721.6
2025-02-21,2025.0,Jardín Express,Orquídeas,49.0,57.4,2812.6,77.0,3773.0,960.4
2025-02-21,2025.0,Jardín Express,Girasoles,4.0,12.31,49.24,17.53,70.12,20.88
2025-02-22,2025.0,EcoFlores Norte,Orquídeas,39.0,51.69,2015.91,69.17,2697.63,681.72
2025-02-22,2025.0,,Girasoles,34.0,13.22,449.48,19.43,660.62,211.14
2025-02-22,2025.0,Florería Central,Girasoles,17.0,17.5,297.5,29.14,495.38,197.88
2025-02-23,2025.0,Florería Central,Orquídeas,29.0,50.99,1478.71,80.08,2322.32,843.61
2025-02-23,2025.0,Portal de las Flores,Orquídeas,30.0,39.03,1170.9,52.04,1561.2,390.3
2025-02-23,2025.0,Florería Central,Rosas,7.0,16.92,118.44,22.69,158.83,40.39
2025-02-23,2025.0,Jardín Express,Girasoles,7.0,14.56,101.92,22.48,157.36,55.44
2025-02-25,2025.0,EcoFlores Norte,Orquídeas,4.0,44.61,178.44,66.69,266.76,88.32
2025-02-25,2025.0,Jardín Express,Orquídeas,37.0,35.52,1314.24,50.66,1874.42,560.18
2025-02-25,2025.0,Jardín Express,Girasoles,34.0,16.85,572.9,25.05,851.7,278.8
2025-02-25,2025.0,Jardín Express,Orquídeas,18.0,43.57,784.26,71.71,1290.78,506.52
2025-02-27,2025.0,Portal de las Flores,Tulipanes,30.0,28.94,868.2,45.75,1372.5,504.3
2025-02-28,2025.0,Portal de las Flores,Rosas,49.0,16.37,802.13,24.8,1215.2,413.07
2025-03-01,2025.0,EcoFlores Norte,Orquídeas,31.0,54.07,1676.17,86.84,2692.04,1015.87
2025-03-02,2025.0,Florería Central,Girasoles,25.0,13.47,336.75,18.9,472.5,135.75
2025-03-03,2025.0,EcoFlores Norte,Tulipanes,14.0,29.66,415.24,40.71,569.94,154.7
2025-03-04,2025.0,Florería Central,Rosas,28.0,15.73,440.44,26.08,730.24,289.8
2025-03-04,2025.0,Jardín Express,Rosas,37.0,22.32,825.84,31.1,1150.7,324.86
2025-03-06,2025.0,Florería Central,Lirios,9.0,14.84,133.56,25.2,226.8,93.24
2025-03-07,2025.0,Florería Central,Girasoles,1.0,12.47,12.47,18.62,18.62,6.15
2025-03-07,2025.0,Jardín Express,Rosas,32.0,15.2,486.4,21.01,672.32,185.92
2025-03-10,2025.0,Portal de las Flores,Lirios,1.0,12.51,12.51,18.27,18.27,5.76
2025-03-10,2025.0,Florería Central,Orquídeas,36.0,50.11,1803.96,77.77,2799.72,995.76
2025-03-10,2025.0,Florería Central,Rosas,11.0,21.28,234.08,31.77,349.47,115.39
2025-03-10,2025.0,Portal de las Flores,Orquídeas,47.0,44.12,2073.64,68.67,3227.49,1153.85
2025-03-10,2025.0,Jardín Express,Lirios,33.0,17.06,562.98,23.28,768.24,205.26
2025-03-10,2025.0,Portal de las Flores,Tulipanes,41.0,20.4,836.4,29.55,1211.55,375.15
2025-03-11,2025.0,Florería Central,Girasoles,48.0,13.97,670.56,18.61,893.28,222.72
2025-03-11,2025.0,Florería Central,Rosas,27.0,24.63,665.01,38.21,1031.67,366.66
2025-03-12,2025.0,Florería Central,Orquídeas,7.0,47.59,333.13,78.59,550.13,217.0
2025-03-12,2025.0,EcoFlores Norte,Girasoles,43.0,17.71,761.53,23.98,1031.14,269.61
2025-03-13,2025.0,Portal de las Flores,Girasoles,11.0,12.49,137.39,19.62,215.82,78.43
2025-03-13,2025.0,EcoFlores Norte,Tulipanes,35.0,28.7,1004.5,42.63,1492.05,487.55
2025-03-14,2025.0,Florería Central,Rosas,21.0,17.57,368.97,27.44,576.24,207.27
2025-03-15,2025.0,Jardín Express,Orquídeas,13.0,47.1,612.3,73.44,954.72,342.42
2025-03-15,2025.0,EcoFlores Norte,Rosas,24.0,15.39,369.36,21.2,508.8,139.44
2025-03-16,2025.0,Portal de las Flores,Tulipanes,46.0,29.54,1358.84,43.66,2008.36,649.52
2025-03-16,2025.0,Jardín Express,Girasoles,17.0,17.06,290.02,22.84,388.28,98.26
2025-03-16,2025.0,EcoFlores Norte,Girasoles,10.0,12.61,126.1,16.45,164.5,38.4
2025-03-17,2025.0,Jardín Express,Rosas,2.0,19.53,39.06,31.92,63.84,24.78
2025-03-17,2025.0,EcoFlores Norte,Tulipanes,35.0,19.65,687.75,30.76,1076.6,388.85
2025-03-17,2025.0,Portal de las Flores,Lirios,17.0,13.03,221.51,19.79,336.43,114.92
2025-03-18,2025.0,Portal de las Flores,Rosas,40.0,20.67,826.8,34.58,1383.2,556.4
2025-03-18,2025.0,Florería Central,Tulipanes,1.0,27.86,27.86,42.29,42.29,14.43
2025-03-18,2025.0,Florería Central,Lirios,5.0,13.0,65.0,17.18,85.9,20.9
2025-03-19,2025.0,Jardín Express,Rosas,38.0,17.91,680.58,26.65,1012.7,332.12
2025-03-20,2025.0,Florería Central,Girasoles,26.0,17.11,444.86,26.2,681.2,236.34
2025-03-20,2025.0,EcoFlores Norte,Tulipanes,22.0,25.25,555.5,38.65,850.3,294.8
2025-03-21,2025.0,Portal de las Flores,Lirios,35.0,18.28,639.8,25.17,880.95,241.15
2025-03-21,2025.0,Portal de las Flores,Orquídeas,38.0,42.4,1611.2,55.14,2095.32,484.12
2025-03-22,2025.0,Florería Central,Orquídeas,3.0,46.29,138.87,66.75,200.25,61.38
2025-03-22,2025.0,EcoFlores Norte,Orquídeas,12.0,40.61,487.32,63.56,762.72,275.4
2025-03-23,2025.0,Florería Central,Rosas,7.0,18.36,128.52,28.39,198.73,70.21
2025-03-24,2025.0,EcoFlores Norte,Girasoles,5.0,15.29,76.45,23.75,118.75,42.3
2025-03-25,2025.0,EcoFlores Norte,Lirios,37.0,12.58,465.46,21.02,777.74,312.28
2025-03-25,2025.0,Florería Central,Rosas,33.0,20.59,679.47,30.91,1020.03,340.56
2025-03-25,2025.0,Jardín Express,Rosas,18.0,23.58,424.44,37.55,675.9,251.46
2025-03-25,2025.0,Florería Central,Lirios,43.0,13.32,572.76,19.66,845.38,272.62
2025-03-26,2025.0,Portal de las Flores,Girasoles,47.0,17.27,811.69,25.68,1206.96,395.27
2025-03-27,2025.0,Jardín Express,Lirios,,20.05,260.65,28.78,374.14,113.49
2025-03-28,2025.0,,Orquídeas,8.0,38.22,305.76,56.0,448.0,142.24
2025-03-28,2025.0,Florería Central,Rosas,3.0,19.83,59.49,29.8,89.4,29.91
2025-03-28,2025.0,Florería Central,Orquídeas,45.0,59.27,2667.15,95.39,4292.55,1625.4
2025-03-30,2025.0,Florería Central,Girasoles,13.0,15.74,204.62,24.12,313.56,108.94
2025-03-30,2025.0,Portal de las Flores,Tulipanes,12.0,23.33,279.96,34.54,414.48,134.52
2025-03-30,2025.0,Jardín Express,Lirios,33.0,13.32,439.56,21.13,697.29,257.73
2025-03-31,2025.0,Jardín Express,Tulipanes,10.0,18.21,182.1,25.45,254.5,72.4
2025-03-31,2025.0,Jardín Express,Lirios,32.0,15.17,485.44,25.06,801.92,316.48
2025-03-31,2025.0,Florería Central,Orquídeas,45.0,37.79,1700.55,58.32,2624.4,923.85
2025-04-01,2025.0,Portal de las Flores,Rosas,2.0,15.5,31.0,25.67,51.34,20.34
2025-04-01,2025.0,Florería Central,Girasoles,9.0,13.33,119.97,19.62,176.58,56.61
2025-04-02,2025.0,Florería Central,Tulipanes,43.0,22.39,962.77,30.04,1291.72,328.95
2025-04-02,2025.0,Portal de las Flores,Lirios,20.0,19.01,380.2,25.58,511.6,131.4
2025-04-03,2025.0,Florería Central,Girasoles,41.0,15.05,617.05,21.13,866.33,249.28
2025-04-03,2025.0,,Rosas,24.0,19.19,460.56,25.82,619.68,159.12
2025-04-04,2025.0,Jardín Express,Girasoles,1.0,12.57,12.57,19.98,19.98,7.41
2025-04-04,2025.0,Jardín Express,Lirios,30.0,13.12,393.6,17.31,519.3,125.7
2025-04-04,2025.0,Jardín Express,Rosas,31.0,19.67,609.77,32.0,992.0,382.23
2025-04-05,2025.0,Portal de las Flores,Orquídeas,10.0,55.56,555.6,75.17,751.7,196.1
2025-04-05,2025.0,Portal de las Flores,Orquídeas,18.0,36.13,650.34,56.46,1016.28,365.94
2025-04-05,2025.0,Portal de las Flores,Rosas,49.0,18.04,883.96,24.88,1219.12,335.16
2025-04-06,2025.0,EcoFlores Norte,Tulipanes,47.0,24.85,1167.95,32.61,1532.67,364.72
2025-04-06,2025.0,Portal de las Flores,Orquídeas,22.0,37.23,819.06,59.65,1312.3,493.24
2025-04-06,2025.0,Portal de las Flores,Tulipanes,44.0,25.11,1104.84,40.93,1800.92,696.08
2025-04-07,2025.0,EcoFlores Norte,Orquídeas,20.0,41.42,828.4,65.67,1313.4,485.0
2025-04-08,2025.0,Portal de las Flores,Girasoles,,16.2,696.6,27.31,1174.33,477.73
2025-04-10,2025.0,Portal de las Flores,Rosas,48.0,24.57,1179.36,37.83,1815.84,636.48
2025-04-10,2025.0,Florería Central,Rosas,20.0,20.45,409.0,32.0,640.0,231.0
2025-04-11,2025.0,Jardín Express,Girasoles,23.0,10.04,230.92,16.34,375.82,144.9
2025-04-11,2025.0,,Tulipanes,11.0,24.1,265.1,33.58,369.38,104.28
2025-04-12,2025.0,Portal de las Flores,Orquídeas,24.0,42.69,1024.56,71.31,1711.44,686.88
2025-04-13,2025.0,Jardín Express,Lirios,27.0,19.78,534.06,27.06,730.62,196.56
2025-04-13,2025.0,Florería Central,Girasoles,31.0,16.41,508.71,25.76,798.56,289.85
2025-04-13,2025.0,Jardín Express,Lirios,29.0,,435.0,22.25,645.25,210.25
2025-04-14,2025.0,Portal de las Flores,Lirios,17.0,20.61,350.37,33.93,576.81,226.44
2025-04-14,2025.0,Florería Central,Orquídeas,43.0,45.75,1967.25,71.79,3086.97,1119.72
2025-04-15,2025.0,Florería Central,Rosas,10.0,20.44,204.4,27.39,273.9,69.5
2025-04-15,2025.0,EcoFlores Norte,Girasoles,6.0,15.43,92.58,20.53,123.18,30.6
2025-04-15,2025.0,Jardín Express,Tulipanes,11.0,23.66,260.26,40.04,440.44,180.18
2025-04-16,2025.0,EcoFlores Norte,Lirios,46.0,18.16,835.36,24.97,1148.62,313.26
2025-04-16,2025.0,Florería Central,Tulipanes,30.0,20.17,605.1,31.72,951.6,346.5
2025-04-17,2025.0,Jardín Express,Tulipanes,44.0,23.51,1034.44,33.93,1492.92,458.48
2025-04-17,2025.0,EcoFlores Norte,Orquídeas,49.0,47.91,2347.59,62.39,3057.11,709.52
2025-04-17,2025.0,Jardín Express,Tulipanes,46.0,29.9,1375.4,50.48,2322.08,946.68
2025-04-18,2025.0,EcoFlores Norte,Rosas,,18.13,126.91,26.55,185.85,58.94
2025-04-18,2025.0,Florería Central,Girasoles,39.0,14.62,570.18,21.09,822.51,252.33
2025-04-18,2025.0,Florería Central,Orquídeas,13.0,59.39,772.07,85.98,1117.74,345.67
2025-04-18,2025.0,Florería Central,Girasoles,19.0,15.65,297.35,23.69,450.11,152.76
2025-04-19,2025.0,Portal de las Flores,Rosas,23.0,23.33,536.59,34.6,795.8,259.21
2025-04-19,2025.0,EcoFlores Norte,Girasoles,2.0,16.93,33.86,28.42,56.84,22.98
2025-04-19,2025.0,EcoFlores Norte,Lirios,3.0,13.85,41.55,20.57,61.71,20.16
2025-04-20,2025.0,Portal de las Flores,Rosas,2.0,24.81,49.62,38.5,77.0,27.38
2025-04-20,2025.0,Jardín Express,Lirios,42.0,13.39,562.38,20.19,847.98,285.6
2025-04-20,2025.0,Portal de las Flores,Girasoles,45.0,12.13,545.85,19.81,891.45,345.6
2025-04-20,2025.0,Jardín Express,Tulipanes,12.0,18.48,221.76,30.6,367.2,145.44
2025-04-20,2025.0,EcoFlores Norte,Rosas,35.0,22.54,788.9,31.24,1093.4,304.5
2025-04-20,2025.0,Portal de las Flores,Tulipanes,47.0,25.2,1184.4,35.7,1677.9,493.5
2025-04-21,2025.0,Portal de las Flores,Orquídeas,21.0,53.65,1126.65,81.53,1712.13,585.48
2025-04-21,2025.0,Jardín Express,Orquídeas,20.0,41.74,834.8,55.22,1104.4,269.6
2025-04-21,2025.0,Portal de las Flores,Rosas,39.0,23.26,907.14,33.06,1289.34,382.2
2025-04-21,2025.0,EcoFlores Norte,Tulipanes,12.0,22.22,266.64,32.8,393.6,126.96
2025-04-21,2025.0,Florería Central,Lirios,27.0,20.44,551.88,32.1,866.7,314.82
2025-04-21,2025.0,Florería Central,Girasoles,49.0,15.62,765.38,26.28,1287.72,522.34
2025-04-22,2025.0,EcoFlores Norte,Tulipanes,24.0,19.36,464.64,28.31,679.44,214.8
2025-04-22,2025.0,EcoFlores Norte,Lirios,48.0,21.45,1029.6,30.76,1476.48,446.88
2025-04-25,2025.0,Portal de las Flores,Rosas,49.0,16.51,808.99,24.62,1206.38,397.39
2025-04-25,2025.0,Portal de las Flores,Orquídeas,9.0,59.6,536.4,84.36,759.24,222.84
2025-04-26,2025.0,Portal de las Flores,Lirios,7.0,21.25,148.75,35.0,245.0,96.25
2025-04-28,2025.0,Florería Central,Girasoles,27.0,11.93,322.11,15.7,423.9,101.79
2025-04-29,2025.0,EcoFlores Norte,Tulipanes,,29.37,234.96,45.53,364.24,129.28
2025-04-29,2025.0,Jardín Express,Orquídeas,6.0,35.01,210.06,45.76,274.56,64.5
2025-04-29,2025.0,Florería Central,Orquídeas,41.0,42.7,1750.7,63.66,2610.06,859.36
2025-04-29,2025.0,EcoFlores Norte,Tulipanes,29.0,24.52,711.08,32.59,945.11,234.03
2025-05-02,2025.0,EcoFlores Norte,Orquídeas,17.0,51.63,877.71,78.61,1336.37,458.66
2025-05-02,2025.0,EcoFlores Norte,Tulipanes,3.0,24.19,72.57,35.93,107.79,35.22
2025-05-03,2025.0,Portal de las Flores,Lirios,4.0,21.97,87.88,37.17,148.68,60.8
2025-05-03,2025.0,Florería Central,Lirios,33.0,20.58,679.14,30.66,1011.78,332.64
2025-05-04,2025.0,Jardín Express,Rosas,31.0,16.89,523.59,27.25,844.75,321.16
2025-05-04,2025.0,EcoFlores Norte,Lirios,6.0,13.47,80.82,20.81,124.86,44.04
2025-05-04,2025.0,Portal de las Flores,Rosas,48.0,18.12,869.76,25.22,1210.56,340.8
2025-05-04,2025.0,EcoFlores Norte,Girasoles,48.0,13.82,663.36,18.69,897.12,233.76
2025-05-05,2025.0,Jardín Express,Tulipanes,4.0,20.54,82.16,33.21,132.84,50.68
2025-05-05,2025.0,Florería Central,Girasoles,14.0,14.23,199.22,21.83,305.62,106.4
2025-05-06,2025.0,Portal de las Flores,Girasoles,20.0,10.25,205.0,15.06,301.2,96.2
2025-05-06,2025.0,Jardín Express,Girasoles,23.0,13.57,312.11,19.13,439.99,127.88
2025-05-07,2025.0,Portal de las Flores,Tulipanes,28.0,18.31,512.68,26.3,736.4,223.72
2025-05-07,2025.0,Portal de las Flores,Tulipanes,25.0,20.76,519.0,28.65,716.25,197.25
2025-05-07,2025.0,Jardín Express,Tulipanes,17.0,22.14,376.38,32.87,558.79,182.41
2025-05-07,2025.0,Florería Central,Lirios,33.0,15.06,496.98,23.53,776.49,279.51
2025-05-08,2025.0,Portal de las Flores,Girasoles,22.0,11.25,247.5,19.01,418.22,170.72
2025-05-10,2025.0,EcoFlores Norte,Girasoles,48.0,11.39,546.72,18.8,902.4,355.68
2025-05-11,2025.0,Florería Central,Girasoles,4.0,13.08,52.32,20.37,81.48,29.16
2025-05-11,2025.0,EcoFlores Norte,Rosas,2.0,17.39,34.78,25.51,51.02,16.24
2025-05-11,2025.0,Jardín Express,Lirios,,12.83,526.03,19.86,814.26,288.23
2025-05-11,2025.0,Portal de las Flores,Lirios,22.0,21.65,476.3,30.32,667.04,190.74
2025-05-11,2025.0,Florería Central,Lirios,17.0,20.47,347.99,33.92,576.64,228.65
2025-05-12,2025.0,Florería Central,Lirios,15.0,15.16,227.4,24.13,361.95,134.55
2025-05-12,2025.0,Florería Central,Rosas,23.0,18.66,429.18,30.28,696.44,267.26
2025-05-13,2025.0,Jardín Express,Lirios,28.0,16.19,453.32,24.29,680.12,226.8
2025-05-13,2025.0,EcoFlores Norte,Rosas,,21.33,959.85,35.85,1613.25,653.4
2025-05-14,2025.0,Jardín Express,Tulipanes,12.0,27.32,327.84,44.94,539.28,211.44
2025-05-14,2025.0,Florería Central,Girasoles,17.0,16.69,283.73,25.11,426.87,143.14
2025-05-14,2025.0,Jardín Express,Rosas,40.0,19.04,761.6,27.29,1091.6,330.0
2025-05-14,2025.0,EcoFlores Norte,Orquídeas,38.0,41.97,1594.86,70.66,2685.08,1090.22
2025-05-15,2025.0,Portal de las Flores,Tulipanes,,27.0,756.0,38.53,1078.84,322.84
2025-05-15,2025.0,EcoFlores Norte,Orquídeas,46.0,46.68,2147.28,73.49,3380.54,1233.26
2025-05-15,2025.0,Florería Central,Rosas,21.0,24.04,504.84,32.0,672.0,167.16
2025-05-16,2025.0,Florería Central,Girasoles,15.0,13.75,206.25,22.57,338.55,132.3
2025-05-16,2025.0,Portal de las Flores,Girasoles,11.0,15.7,172.7,24.79,272.69,99.99
2025-05-17,2025.0,Portal de las Flores,Lirios,14.0,13.29,186.06,18.86,264.04,77.98
2025-05-17,2025.0,Jardín Express,Rosas,,17.74,408.02,29.84,686.32,278.3
2025-05-17,2025.0,Jardín Express,Orquídeas,32.0,48.5,1552.0,80.12,2563.84,1011.84
2025-05-17,2025.0,Jardín Express,Rosas,3.0,18.97,56.91,28.05,84.15,27.24
2025-05-18,2025.0,Florería Central,Orquídeas,13.0,41.43,538.59,61.57,800.41,261.82
2025-05-18,2025.0,Florería Central,Tulipanes,19.0,25.16,478.04,38.24,726.56,248.52
2025-05-19,2025.0,EcoFlores Norte,Rosas,11.0,999.0,178.64,26.93,296.23,117.59
2025-05-19,2025.0,Jardín Express,Lirios,2.0,18.68,37.36,31.26,62.52,25.16
2025-05-20,2025.0,Jardín Express,Rosas,47.0,16.11,757.17,25.03,1176.41,419.24
2025-05-20,2025.0,EcoFlores Norte,Girasoles,36.0,14.57,524.52,20.87,751.32,226.8
2025-05-20,2025.0,Florería Central,Rosas,1.0,20.98,20.98,27.96,27.96,6.98
2025-05-20,2025.0,EcoFlores Norte,Lirios,23.0,19.16,440.68,25.46,585.58,144.9
2025-05-20,2025.0,Jardín Express,Girasoles,21.0,-25.0,336.0,21.42,449.82,113.82
2025-05-20,2025.0,Jardín Express,Tulipanes,15.0,27.86,417.9,41.36,620.4,202.5
2025-05-21,2025.0,Florería Central,Lirios,17.0,19.3,328.1,30.77,523.09,194.99
2025-05-22,2025.0,Portal de las Flores,Lirios,26.0,12.84,333.84,20.2,525.2,191.36
2025-05-22,2025.0,Portal de las Flores,Orquídeas,38.0,58.68,2229.84,97.05,3687.9,1458.06
2025-05-22,2025.0,Jardín Express,Tulipanes,26.0,,523.38,31.98,831.48,308.1
2025-05-23,2025.0,Portal de las Flores,Lirios,45.0,16.37,736.65,21.92,986.4,249.75
2025-05-24,2025.0,Jardín Express,Rosas,40.0,19.7,788.0,29.14,1165.6,377.6
2025-05-24,2025.0,EcoFlores Norte,Girasoles,37.0,14.64,541.68,22.32,825.84,284.16
2025-05-25,2025.0,EcoFlores Norte,Rosas,1.0,15.33,15.33,22.16,22.16,6.83
2025-05-25,2025.0,Florería Central,Rosas,31.0,17.89,554.59,26.6,824.6,270.01
2025-05-25,2025.0,EcoFlores Norte,Rosas,22.0,20.82,458.04,29.31,644.82,186.78
2025-05-25,2025.0,EcoFlores Norte,Orquídeas,47.0,47.81,2247.07,77.57,3645.79,1398.72
2025-05-25,2025.0,EcoFlores Norte,Tulipanes,38.0,24.33,924.54,34.15,1297.7,373.16
2025-05-25,2025.0,Florería Central,Girasoles,18.0,13.77,247.86,21.51,387.18,139.32
2025-05-26,2025.0,Portal de las Flores,Orquídeas,7.0,37.37,261.59,49.07,343.49,81.9
2025-05-26,2025.0,Jardín Express,Tulipanes,36.0,22.82,821.52,38.74,1394.64,573.12
2025-05-26,2025.0,EcoFlores Norte,Rosas,8.0,21.52,172.16,34.33,274.64,102.48
2025-05-27,2025.0,Florería Central,Tulipanes,37.0,25.24,933.88,33.62,1243.94,310.06
2025-05-27,2025.0,Florería Central,Rosas,42.0,18.59,780.78,30.29,1272.18,491.4
2025-05-27,2025.0,EcoFlores Norte,Lirios,7.0,20.94,146.58,35.15,246.05,99.47
2025-05-27,2025.0,EcoFlores Norte,Lirios,,15.99,383.76,23.41,561.84,178.08
2025-05-28,2025.0,Portal de las Flores,Girasoles,28.0,10.03,280.84,17.05,477.4,196.56
2025-05-30,2025.0,EcoFlores Norte,Tulipanes,41.0,23.74,973.34,32.58,1335.78,362.44
2025-05-30,2025.0,Portal de las Flores,Girasoles,,13.86,471.24,19.51,663.34,192.1
2025-05-30,2025.0,Florería Central,Girasoles,5.0,11.13,55.65,17.87,89.35,33.7
2025-05-30,2025.0,Jardín Express,Lirios,23.0,16.4,377.2,23.3,535.9,158.7
2025-05-31,2025.0,Portal de las Flores,Orquídeas,29.0,40.84,1184.36,59.78,1733.62,549.26
2025-05-31,2025.0,Jardín Express,Girasoles,32.0,15.19,486.08,22.85,731.2,245.12
2025-05-31,2025.0,EcoFlores Norte,Orquídeas,23.0,54.96,1264.08,78.62,1808.26,544.18
2025-06-01,2025.0,EcoFlores Norte,Orquídeas,6.0,49.72,298.32,72.1,432.6,134.28
2025-06-01,2025.0,EcoFlores Norte,Girasoles,1.0,11.03,11.03,14.78,14.78,3.75
2025-06-01,2025.0,EcoFlores Norte,Girasoles,29.0,15.9,461.1,24.09,698.61,237.51
2025-06-02,2025.0,EcoFlores Norte,Lirios,4.0,18.36,73.44,25.08,100.32,26.88
2025-06-02,2025.0,Florería Central,Girasoles,23.0,12.29,282.67,19.92,458.16,175.49
2025-06-03,2025.0,Jardín Express,Tulipanes,39.0,22.49,877.11,34.86,1359.54,482.43
2025-06-04,2025.0,Florería Central,Orquídeas,13.0,43.79,569.27,58.7,763.1,193.83
2025-06-04,2025.0,Florería Central,Rosas,15.0,24.32,364.8,40.83,612.45,247.65
2025-06-04,2025.0,EcoFlores Norte,Rosas,46.0,17.75,816.5,29.38,1351.48,534.98
2025-06-04,2025.0,Jardín Express,Rosas,38.0,24.11,916.18,36.69,1394.22,478.04
2025-06-05,2025.0,Florería Central,Girasoles,48.0,12.67,608.16,19.9,955.2,347.04
2025-06-05,2025.0,Florería Central,Rosas,49.0,22.51,1102.99,31.39,1538.11,435.12
2025-06-06,2025.0,Jardín Express,Orquídeas,31.0,51.67,1601.77,71.32,2210.92,609.15
2025-06-07,2025.0,Portal de las Flores,Orquídeas,11.0,43.64,480.04,69.71,766.81,286.77
2025-06-07,2025.0,Florería Central,Rosas,26.0,23.9,621.4,37.31,970.06,348.66
2025-06-08,2025.0,EcoFlores Norte,Lirios,21.0,16.11,338.31,26.21,550.41,212.1
2025-06-08,2025.0,Portal de las Flores,Girasoles,41.0,17.06,699.46,25.36,1039.76,340.3
2025-06-08,2025.0,Florería Central,Orquídeas,36.0,48.18,1734.48,70.85,2550.6,816.12
2025-06-08,2025.0,Florería Central,Tulipanes,,23.98,887.26,34.87,1290.19,402.93
2025-06-09,2025.0,Portal de las Flores,Tulipanes,4.0,18.84,75.36,27.17,108.68,33.32
2025-06-09,2025.0,Portal de las Flores,Tulipanes,39.0,18.2,709.8,26.13,1019.07,309.27
2025-06-09,2025.0,EcoFlores Norte,Girasoles,28.0,17.87,500.36,25.09,702.52,202.16
2025-06-09,2025.0,Jardín Express,Rosas,38.0,21.42,813.96,28.07,1066.66,252.7
2025-06-09,2025.0,EcoFlores Norte,Lirios,13.0,18.75,243.75,26.17,340.21,96.46
2025-06-09,2025.0,Portal de las Flores,Tulipanes,30.0,20.37,611.1,28.22,846.6,235.5
2025-06-10,2025.0,Florería Central,Lirios,2.0,15.06,30.12,20.5,41.0,10.88
2025-06-12,2025.0,EcoFlores Norte,Lirios,32.0,18.77,600.64,26.67,853.44,252.8
2025-06-14,2025.0,Florería Central,Lirios,42.0,,837.06,30.91,1298.22,461.16
2025-06-15,2025.0,Jardín Express,Orquídeas,18.0,37.65,677.7,62.09,1117.62,439.92
2025-06-15,2025.0,Jardín Express,Orquídeas,39.0,36.57,1426.23,50.28,1960.92,534.69
2025-06-15,2025.0,Portal de las Flores,Rosas,48.0,20.51,984.48,27.92,1340.16,355.68
2025-06-17,2025.0,Jardín Express,Orquídeas,13.0,42.02,546.26,60.51,786.63,240.37
2025-06-20,2025.0,Jardín Express,Lirios,31.0,13.22,409.82,19.39,601.09,191.27
2025-06-20,2025.0,Florería Central,Orquídeas,26.0,47.09,1224.34,61.49,1598.74,374.4
2025-06-20,2025.0,Jardín Express,Orquídeas,9.0,45.16,406.44,74.09,666.81,260.37
2025-06-21,2025.0,Portal de las Flores,Orquídeas,43.0,58.34,2508.62,83.88,3606.84,1098.22
2025-06-21,2025.0,Jardín Express,Orquídeas,17.0,51.9,882.3,87.07,1480.19,597.89
2025-06-23,2025.0,Portal de las Flores,Lirios,44.0,15.79,694.76,26.31,1157.64,462.88
2025-06-24,2025.0,Jardín Express,Girasoles,16.0,15.53,248.48,24.03,384.48,136.0
2025-06-24,2025.0,Jardín Express,Lirios,28.0,18.23,510.44,25.21,705.88,195.44
2025-06-25,2025.0,Florería Central,Orquídeas,34.0,35.95,1222.3,55.65,1892.1,669.8
2025-06-26,2025.0,,Tulipanes,12.0,25.21,302.52,39.79,477.48,174.96
2025-06-28,2025.0,Portal de las Flores,Rosas,36.0,22.26,801.36,34.43,1239.48,438.12
2025-06-29,2025.0,Portal de las Flores,Rosas,33.0,16.49,544.17,26.62,878.46,334.29
2025-06-29,2025.0,Jardín Express,Orquídeas,22.0,56.99,1253.78,94.76,2084.72,830.94
2026-12-31,2026.0,Florería Central,Girasoles,20.0,17.02,340.4,25.87,517.4,177.0
2025-06-30,2025.0,Jardín Express,Lirios,28.0,21.74,608.72,28.44,796.32,187.6
2025-06-30,2025.0,Portal de las Flores,Tulipanes,12.0,28.87,346.44,46.12,553.44,207.0
2025-06-30,2025.0,Jardín Express,Lirios,49.0,17.07,836.43,26.82,1314.18,477.75
2025-06-30,2025.0,EcoFlores Norte,Rosas,34.0,16.71,568.14,24.52,833.68,265.54
2025-07-01,2025.0,EcoFlores Norte,Lirios,29.0,16.39,475.31,27.73,804.17,328.86
2025-07-01,2025.0,Jardín Express,Rosas,22.0,15.72,345.84,24.06,529.32,183.48
2025-07-01,2025.0,Portal de las Flores,Rosas,40.0,17.34,693.6,23.4,936.0,242.4
2025-07-01,2025.0,EcoFlores Norte,Orquídeas,28.0,57.88,1620.64,95.03,2660.84,1040.2
2025-07-03,2025.0,Jardín Express,Orquídeas,17.0,40.33,685.61,66.42,1129.14,443.53
2025-07-03,2025.0,EcoFlores Norte,Lirios,39.0,21.87,852.93,30.4,1185.6,332.67
2025-07-03,2025.0,Portal de las Flores,Rosas,21.0,22.48,472.08,36.75,771.75,299.67
2025-07-03,2025.0,Portal de las Flores,Tulipanes,42.0,18.74,787.08,28.69,1204.98,417.9
2025-07-04,2025.0,Jardín Express,Lirios,20.0,17.66,353.2,26.59,531.8,178.6
2025-07-04,2025.0,Portal de las Flores,Girasoles,25.0,11.26,281.5,16.03,400.75,119.25
2025-07-04,2025.0,Florería Central,Orquídeas,20.0,57.26,1145.2,76.26,1525.2,380.0
2025-07-05,2025.0,Portal de las Flores,Tulipanes,20.0,19.91,398.2,28.7,574.0,175.8
2025-07-07,2025.0,Jardín Express,Lirios,,21.87,1071.63,30.63,1500.87,429.24
2025-07-07,2025.0,Jardín Express,Lirios,2.0,13.54,27.08,18.81,37.62,10.54
2025-07-07,2025.0,Portal de las Flores,Orquídeas,6.0,43.43,260.58,70.83,424.98,164.4
2025-07-09,2025.0,Portal de las Flores,Orquídeas,44.0,39.12,1721.28,54.61,2402.84,681.56
2025-07-09,2025.0,Portal de las Flores,Tulipanes,38.0,22.6,858.8,33.84,1285.92,427.12
2025-07-09,2025.0,Portal de las Flores,Girasoles,34.0,12.59,428.06,21.27,723.18,295.12
2025-07-09,2025.0,Florería Central,Lirios,10.0,21.3,213.0,29.85,298.5,85.5
2025-07-10,2025.0,Jardín Express,Girasoles,1000.0,16.75,16750.0,22.43,22430.0,5680.0
2025-07-11,2025.0,Portal de las Flores,Orquídeas,,48.72,2387.28,78.85,3863.65,1476.37
2025-07-11,2025.0,Jardín Express,Tulipanes,47.0,23.04,1082.88,34.53,1622.91,540.03
2025-07-12,2025.0,EcoFlores Norte,Lirios,36.0,13.19,474.84,18.88,679.68,204.84
2025-07-13,2025.0,EcoFlores Norte,Girasoles,15.0,17.04,255.6,25.29,379.35,123.75
2025-07-14,2025.0,Portal de las Flores,Girasoles,7.0,15.01,105.07,20.3,142.1,37.03
2025-07-14,2025.0,EcoFlores Norte,Tulipanes,10.0,26.78,267.8,36.68,366.8,99.0
2025-07-15,2025.0,EcoFlores Norte,Orquídeas,36.0,59.25,2133.0,87.78,3160.08,1027.08
2025-07-16,2025.0,Florería Central,Orquídeas,2.0,48.36,96.72,79.94,159.88,63.16
2025-07-16,2025.0,Portal de las Flores,Orquídeas,28.0,35.17,984.76,51.15,1432.2,447.44
2025-07-16,2025.0,Jardín Express,Lirios,8.0,15.45,123.6,25.05,200.4,76.8
2025-07-17,2025.0,EcoFlores Norte,Orquídeas,47.0,36.65,1722.55,57.8,2716.6,994.05
2025-07-17,2025.0,Portal de las Flores,Lirios,46.0,14.19,652.74,21.83,1004.18,351.44
2025-07-17,2025.0,Portal de las Flores,Lirios,38.0,13.67,519.46,18.76,712.88,193.42
2025-07-17,2025.0,Jardín Express,Rosas,4.0,15.8,63.2,25.45,101.8,38.6
2025-07-18,2025.0,EcoFlores Norte,Tulipanes,30.0,22.54,676.2,30.59,917.7,241.5
2025-07-18,2025.0,Portal de las Flores,Orquídeas,20.0,47.62,952.4,72.25,1445.0,492.6
2025-07-18,2025.0,Florería Central,Lirios,49.0,21.61,1058.89,35.8,1754.2,695.31
2025-07-19,2025.0,EcoFlores Norte,Orquídeas,43.0,53.41,2296.63,83.61,3595.23,1298.6
2025-07-19,2025.0,Florería Central,Rosas,26.0,16.56,430.56,27.06,703.56,273.0
2025-07-19,2025.0,Portal de las Flores,Girasoles,35.0,13.44,470.4,22.16,775.6,305.2
2026-12-31,2026.0,Portal de las Flores,Orquídeas,2.0,52.75,105.5,82.65,165.3,59.8
2025-07-20,2025.0,Florería Central,Rosas,26.0,18.97,493.22,25.67,667.42,174.2
2025-07-20,2025.0,Jardín Express,Rosas,30.0,22.57,677.1,34.6,1038.0,360.9
2025-07-22,2025.0,Portal de las Flores,Rosas,7.0,16.98,118.86,25.05,175.35,56.49
2025-07-22,2025.0,Florería Central,Tulipanes,32.0,21.71,694.72,29.37,939.84,245.12
2025-07-23,2025.0,Jardín Express,Lirios,23.0,18.72,430.56,28.7,660.1,229.54
2025-07-23,2025.0,Portal de las Flores,Orquídeas,39.0,45.03,1756.17,63.81,2488.59,732.42
2025-07-24,2025.0,Florería Central,Lirios,17.0,17.75,301.75,28.66,487.22,185.47
2025-07-24,2025.0,Jardín Express,Orquídeas,45.0,38.06,1712.7,57.61,2592.45,879.75
2025-07-25,2025.0,Portal de las Flores,Lirios,38.0,21.29,809.02,34.16,1298.08,489.06
2025-07-25,2025.0,Florería Central,Tulipanes,47.0,21.66,1018.02,30.0,1410.0,391.98
2025-07-25,2025.0,,Girasoles,13.0,12.17,158.21,17.36,225.68,67.47
2025-07-26,2025.0,Florería Central,Orquídeas,45.0,47.36,2131.2,63.87,2874.15,742.95
2025-07-26,2025.0,Portal de las Flores,Orquídeas,39.0,46.41,1809.99,63.5,2476.5,666.51
2025-07-27,2025.0,Jardín Express,Lirios,19.0,,244.53,19.24,365.56,121.03
2025-07-27,2025.0,Portal de las Flores,Tulipanes,4.0,28.38,113.52,39.66,158.64,45.12
2025-07-27,2025.0,EcoFlores Norte,Rosas,37.0,24.29,898.73,33.57,1242.09,343.36
2025-07-27,2025.0,Jardín Express,Tulipanes,44.0,25.94,1141.36,39.51,1738.44,597.08
2025-07-28,2025.0,Jardín Express,Tulipanes,45.0,25.52,1148.4,40.01,1800.45,652.05
2025-07-28,2025.0,EcoFlores Norte,Lirios,3.0,21.53,64.59,35.1,105.3,40.71
2025-07-28,2025.0,Florería Central,Rosas,7.0,18.48,129.36,26.77,187.39,58.03
2025-07-28,2025.0,Portal de las Flores,Orquídeas,36.0,-25.0,1941.12,84.96,3058.56,1117.44
2025-07-28,2025.0,Florería Central,Rosas,1.0,15.33,15.33,25.78,25.78,10.45
2025-07-29,2025.0,EcoFlores Norte,Tulipanes,16.0,18.72,299.52,30.99,495.84,196.32
2025-07-30,2025.0,Florería Central,Orquídeas,40.0,999.0,2054.0,83.56,3342.4,1288.4
2025-07-30,2025.0,Jardín Express,Lirios,35.0,20.36,712.6,27.29,955.15,242.55
2025-07-31,2025.0,EcoFlores Norte,Girasoles,6.0,12.02,72.12,17.11,102.66,30.54
2025-07-31,2025.0,Portal de las Flores,Tulipanes,45.0,29.71,1336.95,48.15,2166.75,829.8
2025-08-01,2025.0,Florería Central,Lirios,9.0,12.47,112.23,16.31,146.79,34.56
2025-08-01,2025.0,Florería Central,Rosas,35.0,20.18,706.3,26.82,938.7,232.4
2025-08-02,2025.0,Portal de las Flores,Orquídeas,5.0,35.04,175.2,54.47,272.35,97.15
2025-08-02,2025.0,Jardín Express,Rosas,25.0,19.35,483.75,32.28,807.0,323.25
2025-08-02,2025.0,Portal de las Flores,Girasoles,17.0,10.4,176.8,13.7,232.9,56.1
2025-08-03,2025.0,Portal de las Flores,Girasoles,18.0,12.66,227.88,18.06,325.08,97.2
2025-08-03,2025.0,Florería Central,Rosas,,19.23,249.99,27.33,355.29,105.3
2025-08-04,2025.0,Portal de las Flores,Lirios,6.0,19.93,119.58,27.67,166.02,46.44
2025-08-06,2025.0,Portal de las Flores,Girasoles,26.0,13.86,360.36,18.41,478.66,118.3
2025-08-07,2025.0,Jardín Express,Girasoles,9.0,13.92,125.28,18.76,168.84,43.56
2025-08-09,2025.0,Portal de las Flores,Orquídeas,12.0,46.61,559.32,63.16,757.92,198.6
2025-08-10,2025.0,Jardín Express,Orquídeas,26.0,,971.36,50.45,1311.7,340.34
2025-08-10,2025.0,Jardín Express,Lirios,29.0,14.2,411.8,21.39,620.31,208.51
2025-08-10,2025.0,EcoFlores Norte,Orquídeas,20.0,59.02,1180.4,89.38,1787.6,607.2
2025-08-12,2025.0,Jardín Express,Tulipanes,41.0,23.91,980.31,32.92,1349.72,369.41
2025-08-14,2025.0,Jardín Express,Lirios,21.0,19.57,410.97,28.04,588.84,177.87
2025-08-15,2025.0,Portal de las Flores,Lirios,28.0,14.28,399.84,19.78,553.84,154.0
2025-08-15,2025.0,Portal de las Flores,Girasoles,24.0,15.58,373.92,24.26,582.24,208.32
2025-08-16,2025.0,Jardín Express,Tulipanes,11.0,18.28,201.08,29.87,328.57,127.49
2025-08-16,2025.0,Florería Central,Rosas,1.0,21.88,21.88,30.72,30.72,8.84
2025-08-17,2025.0,Florería Central,Lirios,26.0,15.46,401.96,20.14,523.64,121.68
2025-08-18,2025.0,EcoFlores Norte,Orquídeas,29.0,48.98,1420.42,69.97,2029.13,608.71
2025-08-18,2025.0,,Lirios,22.0,15.36,337.92,25.62,563.64,225.72
2025-08-20,2025.0,Portal de las Flores,Girasoles,27.0,12.74,343.98,20.69,558.63,214.65
2025-08-21,2025.0,EcoFlores Norte,Rosas,4.0,24.0,96.0,37.58,150.32,54.32
2025-08-23,2025.0,Jardín Express,Lirios,32.0,16.98,543.36,25.85,827.2,283.84
2025-08-23,2025.0,EcoFlores Norte,Girasoles,,15.55,559.8,25.01,900.36,340.56
2025-08-23,2025.0,Portal de las Flores,Girasoles,12.0,17.64,211.68,29.41,352.92,141.24
2025-08-24,2025.0,Jardín Express,Tulipanes,24.0,24.01,576.24,39.97,959.28,383.04
2025-08-24,2025.0,Portal de las Flores,Lirios,7.0,19.21,134.47,31.32,219.24,84.77
2025-08-26,2025.0,EcoFlores Norte,Tulipanes,16.0,19.07,305.12,27.98,447.68,142.56
2025-08-26,2025.0,Jardín Express,Lirios,31.0,15.48,479.88,20.26,628.06,148.18
2025-08-26,2025.0,EcoFlores Norte,Tulipanes,9.0,19.85,178.65,33.67,303.03,124.38
2025-08-26,2025.0,Florería Central,Lirios,5.0,12.97,64.85,17.79,88.95,24.1
2025-08-27,2025.0,EcoFlores Norte,Lirios,29.0,12.7,368.3,17.45,506.05,137.75
2025-08-28,2025.0,Jardín Express,Lirios,7.0,16.38,114.66,26.82,187.74,73.08
2025-08-28,2025.0,Portal de las Flores,Orquídeas,20.0,49.58,991.6,75.94,1518.8,527.2
2025-08-29,2025.0,EcoFlores Norte,Tulipanes,31.0,27.7,858.7,36.77,1139.87,281.17
2025-08-29,2025.0,Jardín Express,Girasoles,10.0,11.08,110.8,15.73,157.3,46.5
2025-08-29,2025.0,EcoFlores Norte,Orquídeas,33.0,57.38,1893.54,89.89,2966.37,1072.83
2025-08-30,2025.0,EcoFlores Norte,Girasoles,42.0,15.26,640.92,21.74,913.08,272.16
2025-08-30,2025.0,Portal de las Flores,Orquídeas,41.0,53.45,2191.45,84.55,3466.55,1275.1
2025-08-30,2025.0,,Rosas,24.0,16.37,392.88,22.78,546.72,153.84
2025-08-31,2025.0,Florería Central,Girasoles,15.0,13.9,208.5,18.79,281.85,73.35
2026-12-31,2026.0,Portal de las Flores,Orquídeas,4.0,53.92,215.68,81.3,325.2,109.52
2025-08-31,2025.0,Jardín Express,Orquídeas,5.0,46.37,231.85,74.26,371.3,139.45
2025-09-01,2025.0,Portal de las Flores,Lirios,31.0,12.79,396.49,17.61,545.91,149.42
2025-09-01,2025.0,,Rosas,33.0,19.44,641.52,26.37,870.21,228.69
2025-09-01,2025.0,Portal de las Flores,Lirios,28.0,20.01,560.28,31.07,869.96,309.68
2025-09-01,2025.0,Florería Central,Girasoles,22.0,15.37,338.14,21.64,476.08,137.94
2025-09-01,2025.0,Florería Central,Lirios,,18.64,37.28,25.84,51.68,14.4
2025-09-02,2025.0,Florería Central,Girasoles,23.0,14.97,344.31,21.57,496.11,151.8
2025-09-03,2025.0,EcoFlores Norte,Tulipanes,22.0,26.07,573.54,42.2,928.4,354.86
2025-09-03,2025.0,Florería Central,Girasoles,19.0,14.96,284.24,23.89,453.91,169.67
2025-09-04,2025.0,Jardín Express,Lirios,9.0,16.38,147.42,27.82,250.38,102.96
2025-09-04,2025.0,Portal de las Flores,Girasoles,35.0,12.91,451.85,19.05,666.75,214.9
2025-09-04,2025.0,EcoFlores Norte,Tulipanes,24.0,23.48,563.52,36.25,870.0,306.48
2025-09-04,2025.0,Portal de las Flores,Rosas,39.0,19.83,773.37,29.18,1138.02,364.65
2025-09-04,2025.0,,Lirios,15.0,18.56,278.4,24.42,366.3,87.9
2025-09-04,2025.0,EcoFlores Norte,Orquídeas,19.0,46.0,874.0,62.51,1187.69,313.69
2025-09-04,2025.0,EcoFlores Norte,Orquídeas,44.0,41.09,1807.96,64.45,2835.8,1027.84
2025-09-04,2025.0,Portal de las Flores,Rosas,26.0,16.47,428.22,21.46,557.96,129.74
2025-09-06,2025.0,EcoFlores Norte,Orquídeas,25.0,49.94,1248.5,81.09,2027.25,778.75
2025-09-06,2025.0,Florería Central,Rosas,42.0,16.06,674.52,25.37,1065.54,391.02
2025-09-07,2025.0,Jardín Express,Tulipanes,5.0,18.41,92.05,28.64,143.2,51.15
2025-09-07,2025.0,Florería Central,Tulipanes,48.0,29.45,1413.6,48.48,2327.04,913.44
2025-09-07,2025.0,Portal de las Flores,Girasoles,28.0,14.19,397.32,22.23,622.44,225.12
2025-09-07,2025.0,Jardín Express,Orquídeas,45.0,40.04,1801.8,52.2,2349.0,547.2
2025-09-07,2025.0,Florería Central,Girasoles,2.0,15.92,31.84,21.25,42.5,10.66
2025-09-08,2025.0,EcoFlores Norte,Tulipanes,32.0,25.7,822.4,33.65,1076.8,254.4
2025-09-08,2025.0,EcoFlores Norte,Tulipanes,24.0,27.47,659.28,39.09,938.16,278.88
2025-09-11,2025.0,EcoFlores Norte,Rosas,9.0,24.43,219.87,39.66,356.94,137.07
2025-09-11,2025.0,Jardín Express,Girasoles,38.0,14.95,568.1,20.39,774.82,206.72
2025-09-11,2025.0,Portal de las Flores,Tulipanes,13.0,23.5,305.5,35.82,465.66,160.16
2025-09-13,2025.0,,Tulipanes,38.0,28.07,1066.66,46.34,1760.92,694.26
2025-09-14,2025.0,Florería Central,Rosas,45.0,15.55,699.75,23.81,1071.45,371.7
2025-09-14,2025.0,Jardín Express,Tulipanes,48.0,29.99,1439.52,41.63,1998.24,558.72
2025-09-14,2025.0,Portal de las Flores,Tulipanes,7.0,27.05,189.35,37.85,264.95,75.6
2025-09-14,2025.0,EcoFlores Norte,Girasoles,19.0,17.76,337.44,23.89,453.91,116.47
2025-09-14,2025.0,Jardín Express,Rosas,17.0,21.69,368.73,30.2,513.4,144.67
2025-09-15,2025.0,Jardín Express,Orquídeas,26.0,53.37,1387.62,84.32,2192.32,804.7
2025-09-15,2025.0,EcoFlores Norte,Rosas,23.0,15.77,362.71,22.65,520.95,158.24
2025-09-15,2025.0,Portal de las Flores,Tulipanes,48.0,21.39,1026.72,30.36,1457.28,430.56
2025-09-15,2025.0,Florería Central,Tulipanes,14.0,26.2,366.8,35.98,503.72,136.92
2025-09-16,2025.0,Portal de las Flores,Tulipanes,32.0,27.98,895.36,38.36,1227.52,332.16
2025-09-16,2025.0,Jardín Express,Rosas,33.0,15.89,524.37,22.06,727.98,203.61
2025-09-16,2025.0,Portal de las Flores,Girasoles,29.0,11.36,329.44,19.08,553.32,223.88
2025-09-17,2025.0,Jardín Express,Lirios,39.0,13.94,543.66,22.91,893.49,349.83
2025-09-17,2025.0,Jardín Express,Lirios,25.0,13.23,330.75,21.9,547.5,216.75
2025-09-18,2025.0,Jardín Express,Rosas,13.0,18.67,242.71,27.19,353.47,110.76
2025-09-19,2025.0,Portal de las Flores,Rosas,24.0,24.56,589.44,32.17,772.08,182.64
2025-09-19,2025.0,Portal de las Flores,Orquídeas,11.0,36.09,396.99,48.52,533.72,136.73
2025-09-20,2025.0,,Orquídeas,15.0,41.61,624.15,58.87,883.05,258.9
2025-09-20,2025.0,Florería Central,Girasoles,31.0,15.08,467.48,24.46,758.26,290.78
2025-09-21,2025.0,Florería Central,Lirios,42.0,13.64,572.88,19.37,813.54,240.66
2025-09-22,2025.0,Jardín Express,Rosas,11.0,21.77,239.47,33.84,372.24,132.77
2025-09-23,2025.0,Jardín Express,Orquídeas,23.0,57.35,1319.05,86.52,1989.96,670.91
2025-09-24,2025.0,Portal de las Flores,Tulipanes,13.0,24.99,324.87,39.96,519.48,194.61
2025-09-25,2025.0,Florería Central,Girasoles,35.0,12.61,441.35,20.63,722.05,280.7
2025-09-25,2025.0,EcoFlores Norte,Rosas,23.0,24.9,572.7,39.19,901.37,328.67
2025-09-25,2025.0,Florería Central,Girasoles,18.0,12.9,232.2,21.23,382.14,149.94
2025-09-25,2025.0,Portal de las Flores,Orquídeas,38.0,58.56,2225.28,77.88,2959.44,734.16
2025-09-25,2025.0,EcoFlores Norte,Orquídeas,46.0,47.45,2182.7,67.94,3125.24,942.54
2025-09-26,2025.0,,Tulipanes,46.0,18.96,872.16,30.01,1380.46,508.3
2025-09-26,2025.0,Florería Central,Rosas,47.0,21.59,1014.73,28.5,1339.5,324.77
2025-09-27,2025.0,Jardín Express,Orquídeas,30.0,51.02,1530.6,79.93,2397.9,867.3
2025-09-28,2025.0,EcoFlores Norte,Rosas,1500.0,21.61,32415.0,28.42,42630.0,10215.0
2025-09-29,2025.0,Portal de las Flores,Lirios,21.0,12.45,261.45,19.41,407.61,146.16
2025-09-29,2025.0,Portal de las Flores,Rosas,46.0,21.1,970.6,28.57,1314.22,343.62
2025-09-29,2025.0,EcoFlores Norte,Tulipanes,45.0,25.09,1129.05,34.49,1552.05,423.0
2025-09-30,2025.0,Florería Central,Orquídeas,23.0,53.02,1219.46,77.44,1781.12,561.66
2025-09-30,2025.0,Jardín Express,Tulipanes,2.0,27.79,55.58,36.34,72.68,17.1
2025-10-01,2025.0,Jardín Express,Girasoles,27.0,15.49,418.23,20.71,559.17,140.94
2025-10-01,2025.0,Florería Central,Girasoles,2.0,14.24,28.48,23.23,46.46,17.98
2025-10-01,2025.0,Florería Central,Girasoles,32.0,17.91,573.12,26.46,846.72,273.6
2025-10-01,2025.0,EcoFlores Norte,Girasoles,30.0,10.74,322.2,14.58,437.4,115.2
2025-10-02,2025.0,Portal de las Flores,Tulipanes,19.0,27.11,515.09,45.96,873.24,358.15
2025-10-02,2025.0,Jardín Express,Lirios,25.0,19.48,487.0,29.61,740.25,253.25
2025-10-02,2025.0,Portal de las Flores,Lirios,1.0,13.75,13.75,22.64,22.64,8.89
2025-10-03,2025.0,Portal de las Flores,Tulipanes,3.0,,54.93,23.98,71.94,17.01
2025-10-03,2025.0,EcoFlores Norte,Orquídeas,23.0,47.56,1093.88,68.07,1565.61,471.73
2025-10-04,2025.0,Jardín Express,Lirios,48.0,14.81,710.88,21.69,1041.12,330.24
2025-10-04,2025.0,Florería Central,Rosas,16.0,20.07,321.12,27.37,437.92,116.8
2025-10-05,2025.0,Jardín Express,Rosas,28.0,21.14,591.92,35.03,980.84,388.92
2025-10-06,2025.0,,Tulipanes,7.0,23.82,166.74,31.22,218.54,51.8
2025-10-06,2025.0,Portal de las Flores,Girasoles,12.0,15.85,190.2,23.27,279.24,89.04
2025-10-06,2025.0,Portal de las Flores,Tulipanes,24.0,24.14,579.36,31.97,767.28,187.92
2025-10-07,2025.0,EcoFlores Norte,Rosas,49.0,17.82,873.18,24.48,1199.52,326.34
2025-10-07,2025.0,EcoFlores Norte,Tulipanes,35.0,22.51,787.85,32.81,1148.35,360.5
2025-10-07,2025.0,Florería Central,Lirios,18.0,19.29,347.22,27.4,493.2,145.98
2025-10-07,2025.0,Florería Central,Rosas,34.0,,831.3,38.37,1304.58,473.28
2025-10-08,2025.0,Portal de las Flores,Orquídeas,47.0,55.37,2602.39,73.76,3466.72,864.33
2025-10-09,2025.0,EcoFlores Norte,Lirios,38.0,19.81,752.78,28.16,1070.08,317.3
2025-10-09,2025.0,Portal de las Flores,Orquídeas,18.0,45.0,810.0,76.08,1369.44,559.44
2025-10-09,2025.0,EcoFlores Norte,Lirios,42.0,15.09,633.78,25.5,1071.0,437.22
2025-10-09,2025.0,Jardín Express,Orquídeas,39.0,50.89,1984.71,78.98,3080.22,1095.51
2025-10-10,2025.0,Florería Central,Rosas,48.0,17.84,856.32,29.96,1438.08,581.76
2025-10-10,2025.0,Portal de las Flores,Lirios,8.0,19.48,155.84,29.67,237.36,81.52
2025-10-11,2025.0,Portal de las Flores,Rosas,8.0,17.8,142.4,24.11,192.88,50.48
2025-10-13,2025.0,Jardín Express,Girasoles,34.0,13.58,461.72,20.15,685.1,223.38
2025-10-14,2025.0,Jardín Express,Tulipanes,17.0,26.45,449.65,44.28,752.76,303.11
2025-10-14,2025.0,EcoFlores Norte,Rosas,15.0,23.47,352.05,31.1,466.5,114.45
2025-10-15,2025.0,Florería Central,Girasoles,,12.19,134.09,19.88,218.68,84.59
2025-10-15,2025.0,EcoFlores Norte,Rosas,21.0,17.87,375.27,25.86,543.06,167.79
2025-10-16,2025.0,EcoFlores Norte,Lirios,1.0,20.87,20.87,34.55,34.55,13.68
2025-10-16,2025.0,Florería Central,Tulipanes,31.0,26.34,816.54,44.61,1382.91,566.37
2025-10-17,2025.0,Portal de las Flores,Tulipanes,32.0,20.01,640.32,32.26,1032.32,392.0
2025-10-17,2025.0,Jardín Express,Lirios,27.0,19.82,535.14,27.95,754.65,219.51
2025-10-17,2025.0,Portal de las Flores,Tulipanes,6.0,20.28,121.68,32.79,196.74,75.06
2025-10-18,2025.0,Florería Central,Lirios,32.0,20.9,668.8,30.28,968.96,300.16
2025-10-18,2025.0,Jardín Express,Tulipanes,8.0,27.7,221.6,38.82,310.56,88.96
2025-10-19,2025.0,Portal de las Flores,Orquídeas,48.0,35.62,1709.76,48.75,2340.0,630.24
2025-10-20,2025.0,Jardín Express,Tulipanes,10.0,28.98,289.8,37.81,378.1,88.3
2025-10-20,2025.0,Florería Central,Tulipanes,6.0,28.83,172.98,41.45,248.7,75.72
2025-10-20,2025.0,Florería Central,Lirios,41.0,17.54,719.14,26.6,1090.6,371.46
2025-10-20,2025.0,Portal de las Flores,Orquídeas,43.0,36.15,1554.45,58.68,2523.24,968.79
2025-10-20,2025.0,Florería Central,Lirios,36.0,12.97,466.92,18.12,652.32,185.4
2025-10-21,2025.0,Florería Central,Orquídeas,21.0,42.81,899.01,66.66,1399.86,500.85
2025-10-21,2025.0,Jardín Express,Lirios,30.0,17.51,525.3,25.83,774.9,249.6
2025-10-21,2025.0,Florería Central,Rosas,43.0,22.52,968.36,37.49,1612.07,643.71
2025-10-21,2025.0,Florería Central,Girasoles,41.0,17.94,735.54,28.9,1184.9,449.36
2025-10-22,2025.0,EcoFlores Norte,Lirios,24.0,17.23,413.52,28.43,682.32,268.8
2025-10-22,2025.0,EcoFlores Norte,Rosas,29.0,15.17,439.93,20.02,580.58,140.65
2025-10-23,2025.0,EcoFlores Norte,Tulipanes,18.0,28.46,512.28,48.08,865.44,353.16
2025-10-23,2025.0,EcoFlores Norte,Lirios,14.0,17.45,244.3,23.8,333.2,88.9
2025-10-23,2025.0,Florería Central,Lirios,42.0,19.37,813.54,27.14,1139.88,326.34
2025-10-24,2025.0,Jardín Express,Rosas,25.0,21.73,543.25,31.8,795.0,251.75
2025-10-24,2025.0,Portal de las Flores,Tulipanes,28.0,20.82,582.96,29.59,828.52,245.56
2025-10-24,2025.0,EcoFlores Norte,Tulipanes,6.0,23.59,141.54,34.87,209.22,67.68
2025-10-25,2025.0,Florería Central,Tulipanes,39.0,23.03,898.17,30.11,1174.29,276.12
2025-10-25,2025.0,EcoFlores Norte,Orquídeas,18.0,43.85,789.3,68.51,1233.18,443.88
2025-10-25,2025.0,Jardín Express,Girasoles,29.0,10.75,311.75,16.46,477.34,165.59
2025-10-25,2025.0,Florería Central,Tulipanes,10.0,25.35,253.5,35.12,351.2,97.7
2025-10-25,2025.0,EcoFlores Norte,Orquídeas,32.0,54.27,1736.64,91.11,2915.52,1178.88
2025-10-25,2025.0,EcoFlores Norte,Tulipanes,48.0,28.04,1345.92,38.29,1837.92,492.0
2025-10-25,2025.0,Florería Central,Rosas,14.0,21.71,303.94,36.27,507.78,203.84
2025-10-26,2025.0,Jardín Express,Orquídeas,42.0,54.25,2278.5,88.04,3697.68,1419.18
2025-10-26,2025.0,Jardín Express,Orquídeas,44.0,40.1,1764.4,65.39,2877.16,1112.76
2025-10-26,2025.0,EcoFlores Norte,Girasoles,9.0,11.2,100.8,18.74,168.66,67.86
2025-10-27,2025.0,EcoFlores Norte,Lirios,39.0,21.5,838.5,30.53,1190.67,352.17
2025-10-27,2025.0,Portal de las Flores,Orquídeas,,41.79,376.11,54.39,489.51,113.4
2025-10-27,2025.0,EcoFlores Norte,Rosas,15.0,22.51,337.65,37.34,560.1,222.45
2025-10-27,2025.0,EcoFlores Norte,Girasoles,44.0,15.11,664.84,21.76,957.44,292.6
2025-10-28,2025.0,Florería Central,Lirios,7.0,12.98,90.86,17.1,119.7,28.84
2025-10-29,2025.0,EcoFlores Norte,Orquídeas,35.0,45.08,1577.8,73.64,2577.4,999.6
2025-10-30,2025.0,EcoFlores Norte,Rosas,3.0,22.3,66.9,32.18,96.54,29.64
2025-10-31,2025.0,Florería Central,Orquídeas,37.0,35.23,1303.51,50.83,1880.71,577.2
2025-10-31,2025.0,Jardín Express,Rosas,23.0,18.19,418.37,27.88,641.24,222.87
2025-10-31,2025.0,EcoFlores Norte,Girasoles,40.0,16.91,676.4,24.73,989.2,312.8
2025-10-31,2025.0,Portal de las Flores,Orquídeas,4.0,44.59,178.36,60.68,242.72,64.36
2025-11-02,2025.0,Jardín Express,Tulipanes,24.0,23.65,567.6,37.01,888.24,320.64
2025-11-02,2025.0,EcoFlores Norte,Rosas,5.0,23.81,119.05,33.6,168.0,48.95
2025-11-02,2025.0,Jardín Express,Tulipanes,16.0,28.11,449.76,39.88,638.08,188.32
2025-11-02,2025.0,EcoFlores Norte,Orquídeas,43.0,36.57,1572.51,60.8,2614.4,1041.89
2025-11-03,2025.0,Florería Central,Rosas,9.0,24.1,216.9,37.78,340.02,123.12
2025-11-03,2025.0,Florería Central,Girasoles,12.0,10.46,125.52,14.33,171.96,46.44
2025-11-03,2025.0,EcoFlores Norte,Rosas,,19.98,819.18,28.18,1155.38,336.2
2025-11-04,2025.0,,Girasoles,47.0,17.81,837.07,26.04,1223.88,386.81
2025-11-05,2025.0,Jardín Express,Tulipanes,37.0,21.62,799.94,34.44,1274.28,474.34
2025-11-05,2025.0,Portal de las Flores,Tulipanes,25.0,18.61,465.25,28.86,721.5,256.25
2025-11-06,2025.0,EcoFlores Norte,Tulipanes,32.0,28.55,913.6,43.48,1391.36,477.76
2025-11-06,2025.0,Portal de las Flores,Rosas,28.0,18.11,507.08,24.75,693.0,185.92
2025-11-06,2025.0,Florería Central,Lirios,38.0,18.82,715.16,31.62,1201.56,486.4
2025-11-06,2025.0,Florería Central,Rosas,1000.0,17.3,17300.0,27.23,27230.0,9930.0
2025-11-07,2025.0,Florería Central,Girasoles,13.0,,186.81,20.75,269.75,82.94
2025-11-07,2025.0,Portal de las Flores,Rosas,28.0,15.43,432.04,21.08,590.24,158.2
2025-11-07,2025.0,Portal de las Flores,Lirios,42.0,14.33,601.86,22.21,932.82,330.96
2025-11-08,2025.0,Jardín Express,Lirios,11.0,14.89,163.79,22.21,244.31,80.52
2025-11-11,2025.0,EcoFlores Norte,Girasoles,8.0,17.26,138.08,27.37,218.96,80.88
2025-11-12,2025.0,Florería Central,Lirios,43.0,18.66,802.38,31.47,1353.21,550.83
2025-11-12,2025.0,Portal de las Flores,Tulipanes,10.0,24.56,245.6,36.6,366.0,120.4
2025-11-12,2025.0,Portal de las Flores,Rosas,45.0,17.76,799.2,30.06,1352.7,553.5
2025-11-12,2025.0,EcoFlores Norte,Lirios,36.0,15.71,565.56,22.09,795.24,229.68
2026-12-31,2026.0,EcoFlores Norte,Girasoles,13.0,11.2,145.6,16.64,216.32,70.72
2025-11-13,2025.0,Florería Central,Girasoles,,16.94,474.32,27.63,773.64,299.32
2025-11-14,2025.0,Florería Central,Lirios,33.0,17.08,563.64,24.24,799.92,236.28
2025-11-14,2025.0,Jardín Express,Rosas,16.0,19.09,305.44,28.04,448.64,143.2
2025-11-14,2025.0,Portal de las Flores,Orquídeas,10.0,41.8,418.0,67.04,670.4,252.4
2025-11-15,2025.0,EcoFlores Norte,Lirios,43.0,13.06,561.58,17.89,769.27,207.69
2025-11-15,2025.0,Portal de las Flores,Orquídeas,6.0,52.87,317.22,74.93,449.58,132.36
2025-11-15,2025.0,Jardín Express,Orquídeas,24.0,43.54,1044.96,64.42,1546.08,501.12
2025-11-15,2025.0,Florería Central,Tulipanes,13.0,22.99,298.87,36.5,474.5,175.63
2025-11-15,2025.0,Florería Central,Tulipanes,32.0,20.61,659.52,27.9,892.8,233.28
2025-11-16,2025.0,Florería Central,Rosas,30.0,24.79,743.7,38.21,1146.3,402.6
2025-11-17,2025.0,EcoFlores Norte,Orquídeas,33.0,48.99,1616.67,63.88,2108.04,491.37
2025-11-18,2025.0,Portal de las Flores,Tulipanes,42.0,19.66,825.72,28.91,1214.22,388.5
2025-11-18,2025.0,Jardín Express,Rosas,45.0,18.99,854.55,31.6,1422.0,567.45
2025-11-19,2025.0,Florería Central,Rosas,48.0,23.13,1110.24,35.08,1683.84,573.6
2025-11-19,2025.0,Jardín Express,Orquídeas,,55.65,834.75,87.33,1309.95,475.2
2025-11-19,2025.0,EcoFlores Norte,Lirios,14.0,18.79,263.06,26.21,366.94,103.88
2025-11-19,2025.0,Florería Central,Orquídeas,3.0,35.39,106.17,48.37,145.11,38.94
2025-11-19,2025.0,Portal de las Flores,Lirios,34.0,16.12,548.08,26.57,903.38,355.3
2025-11-20,2025.0,Portal de las Flores,Tulipanes,21.0,25.41,533.61,42.89,900.69,367.08
2025-11-20,2025.0,Jardín Express,Rosas,46.0,19.39,891.94,29.4,1352.4,460.46
2025-11-20,2025.0,EcoFlores Norte,Girasoles,21.0,11.62,244.02,17.84,374.64,130.62
2025-11-21,2025.0,EcoFlores Norte,Rosas,31.0,,615.97,30.65,950.15,334.18
2025-11-21,2025.0,Florería Central,Orquídeas,9.0,49.63,446.67,69.61,626.49,179.82
2025-11-21,2025.0,Portal de las Flores,Rosas,27.0,19.34,522.18,25.86,698.22,176.04
2025-11-22,2025.0,,Rosas,30.0,15.6,468.0,22.14,664.2,196.2
2025-11-22,2025.0,Portal de las Flores,Tulipanes,12.0,26.95,323.4,37.22,446.64,123.24
2025-11-22,2025.0,Portal de las Flores,Girasoles,,14.96,658.24,24.81,1091.64,433.4
2025-11-22,2025.0,Florería Central,Orquídeas,9.0,50.12,451.08,72.92,656.28,205.2
2025-11-23,2025.0,EcoFlores Norte,Tulipanes,43.0,19.65,844.95,28.19,1212.17,367.22
2025-11-23,2025.0,Jardín Express,Girasoles,2.0,15.66,31.32,22.8,45.6,14.28
2025-11-25,2025.0,Portal de las Flores,Girasoles,41.0,14.25,584.25,21.44,879.04,294.79
2025-11-26,2025.0,EcoFlores Norte,Orquídeas,25.0,57.23,1430.75,78.08,1952.0,521.25
2025-11-26,2025.0,Portal de las Flores,Girasoles,12.0,13.18,158.16,19.83,237.96,79.8
2025-11-27,2025.0,Florería Central,Lirios,38.0,19.81,752.78,31.37,1192.06,439.28
2025-11-27,2025.0,Florería Central,Rosas,15.0,19.71,295.65,27.19,407.85,112.2
2025-11-28,2025.0,Florería Central,Tulipanes,6.0,23.23,139.38,33.28,199.68,60.3
2025-11-28,2025.0,Portal de las Flores,Girasoles,1000.0,12.52,12520.0,16.49,16490.0,3970.0
2025-11-29,2025.0,Florería Central,Lirios,17.0,18.38,312.46,27.54,468.18,155.72
2025-11-29,2025.0,Florería Central,Rosas,16.0,19.86,317.76,26.68,426.88,109.12
2025-11-29,2025.0,EcoFlores Norte,Rosas,31.0,23.04,714.24,37.07,1149.17,434.93
2025-11-29,2025.0,Florería Central,Lirios,22.0,21.64,476.08,30.28,666.16,190.08
2025-11-30,2025.0,Portal de las Flores,Rosas,47.0,24.91,1170.77,34.38,1615.86,445.09
2025-11-30,2025.0,Portal de las Flores,Tulipanes,18.0,28.98,521.64,43.4,781.2,259.56
2025-11-30,2025.0,Florería Central,Lirios,33.0,21.53,710.49,35.81,1181.73,471.24
2025-12-01,2025.0,Portal de las Flores,Rosas,41.0,21.58,884.78,34.33,1407.53,522.75
2025-12-01,2025.0,Florería Central,Lirios,6.0,17.21,103.26,28.35,170.1,66.84
2025-12-02,2025.0,Portal de las Flores,Tulipanes,6.0,21.82,130.92,35.93,215.58,84.66
2025-12-02,2025.0,EcoFlores Norte,Rosas,27.0,21.34,576.18,28.94,781.38,205.2
2025-12-03,2025.0,EcoFlores Norte,Lirios,26.0,,322.14,16.71,434.46,112.32
2025-12-04,2025.0,Portal de las Flores,Lirios,20.0,14.15,283.0,23.4,468.0,185.0
2025-12-04,2025.0,Florería Central,Lirios,20.0,14.3,286.0,18.6,372.0,86.0
2025-12-04,2025.0,Florería Central,Rosas,25.0,23.33,583.25,33.16,829.0,245.75
2025-12-05,2025.0,EcoFlores Norte,Orquídeas,25.0,53.38,1334.5,86.42,2160.5,826.0
2025-12-05,2025.0,Jardín Express,Rosas,8.0,23.29,186.32,33.1,264.8,78.48
2025-12-06,2025.0,Florería Central,Rosas,24.0,20.32,487.68,33.57,805.68,318.0
2025-12-07,2025.0,EcoFlores Norte,Orquídeas,22.0,58.33,1283.26,90.7,1995.4,712.14
2025-12-09,2025.0,EcoFlores Norte,Orquídeas,1.0,51.3,51.3,82.71,82.71,31.41
2025-12-09,2025.0,Florería Central,Orquídeas,42.0,58.17,2443.14,80.59,3384.78,941.64
2025-12-09,2025.0,EcoFlores Norte,Rosas,39.0,20.1,783.9,28.54,1113.06,329.16
2025-12-10,2025.0,Portal de las Flores,Orquídeas,22.0,53.49,1176.78,83.35,1833.7,656.92
2025-12-10,2025.0,Florería Central,Rosas,4.0,18.15,72.6,29.2,116.8,44.2
2025-12-10,2025.0,EcoFlores Norte,Tulipanes,26.0,25.94,674.44,37.41,972.66,298.22
2025-12-10,2025.0,Florería Central,Orquídeas,44.0,39.94,1757.36,66.09,2907.96,1150.6
2025-12-10,2025.0,Florería Central,Girasoles,31.0,17.93,555.83,24.48,758.88,203.05
2025-12-10,2025.0,Portal de las Flores,Rosas,17.0,15.09,256.53,21.17,359.89,103.36
2025-12-11,2025.0,Portal de las Flores,Girasoles,43.0,11.53,495.79,17.37,746.91,251.12
2025-12-11,2025.0,Jardín Express,Rosas,45.0,24.84,1117.8,38.93,1751.85,634.05
2025-12-11,2025.0,Florería Central,Tulipanes,42.0,26.15,1098.3,34.77,1460.34,362.04
2025-12-12,2025.0,EcoFlores Norte,Rosas,16.0,20.69,331.04,26.91,430.56,99.52
2025-12-13,2025.0,Florería Central,Girasoles,46.0,16.04,737.84,26.98,1241.08,503.24
2025-12-14,2025.0,EcoFlores Norte,Girasoles,14.0,15.37,215.18,24.27,339.78,124.6
2025-12-14,2025.0,Portal de las Flores,Lirios,20.0,14.5,290.0,20.38,407.6,117.6
2025-12-14,2025.0,Portal de las Flores,Rosas,42.0,17.51,735.42,27.32,1147.44,412.02
2025-12-14,2025.0,EcoFlores Norte,Tulipanes,47.0,18.03,847.41,28.05,1318.35,470.94
2025-12-15,2025.0,Florería Central,Orquídeas,12.0,55.3,663.6,79.45,953.4,289.8
2025-12-17,2025.0,EcoFlores Norte,Lirios,25.0,15.08,377.0,24.66,616.5,239.5
2025-12-18,2025.0,EcoFlores Norte,Rosas,38.0,20.33,772.54,31.61,1201.18,428.64
2025-12-19,2025.0,Florería Central,Rosas,9.0,17.94,161.46,25.23,227.07,65.61
2025-12-20,2025.0,Florería Central,Girasoles,46.0,11.32,520.72,16.48,758.08,237.36
2025-12-20,2025.0,Portal de las Flores,Orquídeas,19.0,55.2,1048.8,88.59,1683.21,634.41
2025-12-21,2025.0,Portal de las Flores,Rosas,30.0,20.2,606.0,30.83,924.9,318.9
2025-12-22,2025.0,Florería Central,Orquídeas,17.0,38.73,658.41,58.25,990.25,331.84
2025-12-23,2025.0,Portal de las Flores,Tulipanes,21.0,25.52,535.92,33.47,702.87,166.95
2025-12-24,2025.0,EcoFlores Norte,Tulipanes,26.0,24.13,627.38,35.51,923.26,295.88
2025-12-24,2025.0,Florería Central,Girasoles,42.0,10.21,428.82,15.74,661.08,232.26
2025-12-25,2025.0,Jardín Express,Rosas,4.0,21.51,86.04,34.55,138.2,52.16
2025-12-25,2025.0,EcoFlores Norte,Girasoles,30.0,16.15,484.5,23.74,712.2,227.7
2025-12-26,2025.0,,Rosas,11.0,17.21,189.31,23.32,256.52,67.21
2025-12-26,2025.0,Jardín Express,Rosas,10.0,21.62,216.2,35.17,351.7,135.5
2025-12-26,2025.0,Florería Central,Orquídeas,16.0,51.62,825.92,83.53,1336.48,510.56
2025-12-27,2025.0,EcoFlores Norte,Tulipanes,24.0,26.18,628.32,43.34,1040.16,411.84
2025-12-27,2025.0,Jardín Express,Lirios,24.0,21.27,510.48,28.55,685.2,174.72
2025-12-27,2025.0,Portal de las Flores,Rosas,4.0,21.77,87.08,30.18,120.72,33.64
2025-12-27,2025.0,Portal de las Flores,Rosas,8.0,24.67,197.36,36.53,292.24,94.88
2025-12-27,2025.0,Jardín Express,Girasoles,43.0,14.14,608.02,21.38,919.34,311.32
2025-12-27,2025.0,EcoFlores Norte,Tulipanes,26.0,26.13,679.38,37.23,967.98,288.6
2025-12-27,2025.0,Jardín Express,Tulipanes,41.0,29.29,1200.89,48.17,1974.97,774.08
2025-12-27,2025.0,EcoFlores Norte,Tulipanes,35.0,19.36,677.6,31.03,1086.05,408.45
2025-12-28,2025.0,Jardín Express,Tulipanes,30.0,22.0,660.0,33.71,1011.3,351.3
2025-12-29,2025.0,Jardín Express,Girasoles,14.0,12.98,181.72,17.23,241.22,59.5
2025-12-29,2025.0,Portal de las Flores,Rosas,43.0,22.32,959.76,36.89,1586.27,626.51
2025-12-30,2025.0,Jardín Express,Girasoles,23.0,14.71,338.33,24.65,566.95,228.62
2025-12-30,2025.0,Florería Central,Tulipanes,13.0,21.22,275.86,28.91,375.83,99.97
2025-12-30,2025.0,Portal de las Flores,Orquídeas,20.0,59.67,1193.4,100.61,2012.2,818.8
