Fecha,Año,Tienda,Categoría,Cantidad,Costo_Unitario,Costo_Total,Precio_Venta_Unitario,Ingreso_Total,Ganancia_Neta,Cluster_Venta
2025-03-11,2025.0,Florería Central,Rosas,28.0,18.18,509.04,32.38,906.64,397.6,0
2024-09-27,2024.0,EcoFlores Norte,Orquídeas,1.0,46.25,46.25,79.2,79.2,32.95,2
2024-04-16,2024.0,EcoFlores Norte,Orquídeas,13.0,45.59,592.67,78.97,1026.61,433.94,2
2024-03-12,2024.0,Florería Central,Orquídeas,39.0,49.73,1939.47,86.21,3362.19,1422.72,2
2025-12-01,2025.0,Florería Central,Girasoles,43.0,12.9,554.7,22.77,979.11,424.41,1
2024-01-21,2024.0,EcoFlores Norte,Girasoles,14.0,15.6,218.4,27.08,379.12,160.72,1
2025-09-06,2025.0,Jardín Express,Girasoles,9.0,11.92,107.28,20.38,183.42,76.14,0
2024-05-01,2024.0,Florería Central,Orquídeas,37.0,49.48,1830.76,76.88,2844.56,1013.8,2
2025-04-11,2025.0,Jardín Express,Rosas,6.0,15.75,94.5,23.05,138.3,43.8,0
2024-08-02,2024.0,Florería Central,Orquídeas,41.0,45.54,1867.14,76.96,3155.36,1288.22,2
2024-11-26,2024.0,Portal de las Flores,Girasoles,11.0,15.1,166.1,23.72,260.92,94.82,1
2025-04-03,2025.0,EcoFlores Norte,Lirios,12.0,18.29,219.48,30.99,371.88,152.4,1
2024-03-28,2024.0,EcoFlores Norte,Orquídeas,16.0,39.17,626.72,56.82,909.12,282.4,2
2025-01-07,2025.0,Florería Central,Orquídeas,33.0,39.03,1287.99,52.2,1722.6,434.61,2
2024-04-09,2024.0,Portal de las Flores,Tulipanes,31.0,27.53,853.43,45.09,1397.79,544.36,1
2025-10-25,2025.0,EcoFlores Norte,Lirios,19.0,14.58,277.02,19.12,363.28,86.26,1
2024-05-10,2024.0,Portal de las Flores,Girasoles,16.0,12.96,207.36,16.85,269.6,62.24,1
2025-10-23,2025.0,Portal de las Flores,Tulipanes,12.0,26.12,313.44,43.02,516.24,202.8,1
2024-11-04,2024.0,EcoFlores Norte,Lirios,17.0,18.39,312.63,26.02,442.34,129.71,1
2024-12-09,2024.0,Jardín Express,Rosas,9.0,17.57,158.13,28.45,256.05,97.92,0
2025-05-06,2025.0,Portal de las Flores,Girasoles,19.0,13.05,247.95,23.39,444.41,196.46,1
2025-02-17,2025.0,Florería Central,Girasoles,42.0,12.74,535.08,22.09,927.78,392.7,1
2025-01-20,2025.0,EcoFlores Norte,Tulipanes,22.0,26.62,585.64,40.9,899.8,314.16,1
2024-07-10,2024.0,EcoFlores Norte,Rosas,17.0,18.16,308.72,23.77,404.09,95.37,0
2024-10-03,2024.0,Florería Central,Rosas,25.0,15.48,387.0,27.25,681.25,294.25,0
2024-06-09,2024.0,Jardín Express,Rosas,12.0,16.64,199.68,26.28,315.36,115.68,0
2025-04-04,2025.0,EcoFlores Norte,Tulipanes,25.0,20.86,521.5,33.19,829.75,308.25,1
2024-11-09,2024.0,Florería Central,Orquídeas,37.0,40.27,1489.99,61.71,2283.27,793.28,2
2024-01-22,2024.0,Portal de las Flores,Tulipanes,19.0,23.86,453.34,38.18,725.42,272.08,1
2024-09-09,2024.0,EcoFlores Norte,Orquídeas,19.0,48.36,918.84,66.4,1261.6,342.76,2
2025-07-14,2025.0,EcoFlores Norte,Lirios,20.0,15.18,303.6,23.52,470.4,166.8,1
2025-04-19,2025.0,Portal de las Flores,Orquídeas,23.0,38.38,882.74,56.16,1291.68,408.94,2
2024-02-28,2024.0,Portal de las Flores,Rosas,30.0,15.77,473.1,23.27,698.1,225.0,0
2025-05-25,2025.0,Florería Central,Orquídeas,23.0,51.45,1183.35,72.05,1657.15,473.8,2
2025-11-12,2025.0,Portal de las Flores,Tulipanes,13.0,26.31,342.03,34.74,451.62,109.59,1
2025-04-20,2025.0,EcoFlores Norte,Rosas,24.0,15.47,371.28,27.35,656.4,285.12,0
2025-11-30,2025.0,Jardín Express,Girasoles,10.0,13.16,131.6,23.26,232.6,101.0,0
2024-07-08,2024.0,EcoFlores Norte,Lirios,15.0,18.61,279.15,24.94,374.1,94.95,1
2025-11-17,2025.0,EcoFlores Norte,Girasoles,23.0,14.41,331.43,24.38,560.74,229.31,1
2025-07-16,2025.0,Jardín Express,Girasoles,13.0,12.24,159.12,16.28,211.64,52.52,0
2025-07-20,2025.0,Jardín Express,Girasoles,8.0,13.91,111.28,22.37,178.96,67.68,0
2024-08-31,2024.0,Jardín Express,Lirios,4.0,18.48,73.92,30.11,120.44,46.52,1
2025-05-19,2025.0,Jardín Express,Rosas,6.0,15.41,92.46,25.07,150.42,57.96,0
2024-05-10,2024.0,Florería Central,Lirios,35.0,15.47,541.45,25.37,887.95,346.5,1
2025-04-29,2025.0,Florería Central,Orquídeas,35.0,41.0,1435.0,70.53,2468.55,1033.55,2
2025-10-08,2025.0,Florería Central,Orquídeas,42.0,43.99,1847.58,64.8,2721.6,874.02,2
2024-01-21,2024.0,EcoFlores Norte,Lirios,22.0,17.02,374.44,26.75,588.5,214.06,1
2024-06-15,2024.0,Jardín Express,Girasoles,13.0,13.94,181.22,24.21,314.73,133.51,0
2024-09-30,2024.0,Portal de las Flores,Orquídeas,17.0,43.94,746.98,63.2,1074.4,327.42,2
2025-01-22,2025.0,Jardín Express,Rosas,4.0,17.82,71.28,30.61,122.44,51.16,0
2025-08-23,2025.0,Florería Central,Rosas,22.0,19.17,421.74,33.63,739.86,318.12,0
2024-11-11,2024.0,Jardín Express,Girasoles,8.0,13.63,109.04,18.19,145.52,36.48,0
2024-01-14,2024.0,Florería Central,Tulipanes,16.0,26.67,426.72,40.61,649.76,223.04,1
2024-08-29,2024.0,EcoFlores Norte,Girasoles,14.0,14.64,204.96,21.32,298.48,93.52,1
2024-12-11,2024.0,EcoFlores Norte,Tulipanes,19.0,25.13,477.47,36.76,698.44,220.97,1
2025-07-18,2025.0,EcoFlores Norte,Girasoles,10.0,12.89,128.9,22.45,224.5,95.6,1
2024-12-05,2024.0,Portal de las Flores,Tulipanes,16.0,23.63,378.08,38.63,618.08,240.0,1
2024-04-01,2024.0,Florería Central,Orquídeas,40.0,47.79,1911.6,66.12,2644.8,733.2,2
2025-01-01,2025.0,EcoFlores Norte,Tulipanes,11.0,24.76,272.36,36.6,402.6,130.24,1
2025-03-30,2025.0,EcoFlores Norte,Tulipanes,19.0,24.61,467.59,42.68,810.92,343.33,1
2025-03-03,2025.0,EcoFlores Norte,Tulipanes,20.0,20.65,413.0,37.03,740.6,327.6,1
2025-05-23,2025.0,Florería Central,Orquídeas,33.0,50.86,1678.38,74.16,2447.28,768.9,2
2024-02-04,2024.0,Florería Central,Orquídeas,26.0,47.54,1236.04,71.25,1852.5,616.46,2
2024-07-24,2024.0,Portal de las Flores,Girasoles,25.0,13.81,345.25,21.51,537.75,192.5,1
2024-03-21,2024.0,Portal de las Flores,Orquídeas,22.0,45.44,999.68,61.93,1362.46,362.78,2
2025-07-15,2025.0,Portal de las Flores,Lirios,15.0,15.41,231.15,25.66,384.9,153.75,1
2025-01-22,2025.0,Florería Central,Orquídeas,39.0,49.97,1948.83,69.39,2706.21,757.38,2
2024-01-02,2024.0,Portal de las Flores,Rosas,19.0,18.64,354.16,32.33,614.27,260.11,0
2025-01-24,2025.0,EcoFlores Norte,Lirios,28.0,15.03,420.84,25.52,714.56,293.72,1
2025-07-19,2025.0,EcoFlores Norte,Orquídeas,21.0,43.57,914.97,70.83,1487.43,572.46,2
2024-04-15,2024.0,Portal de las Flores,Orquídeas,13.0,40.4,525.2,64.74,841.62,316.42,2
2025-04-21,2025.0,Jardín Express,Lirios,11.0,18.44,202.84,29.2,321.2,118.36,1
2025-12-03,2025.0,Florería Central,Rosas,32.0,18.81,601.92,31.65,1012.8,410.88,0
2025-02-05,2025.0,EcoFlores Norte,Orquídeas,20.0,49.02,980.4,74.4,1488.0,507.6,2
2025-12-30,2025.0,Jardín Express,Rosas,10.0,16.9,169.0,27.45,274.5,105.5,0
2025-07-09,2025.0,Florería Central,Girasoles,24.0,14.82,355.68,22.15,531.6,175.92,1
2024-06-10,2024.0,Florería Central,Orquídeas,21.0,45.62,958.02,69.44,1458.24,500.22,2
2024-07-20,2024.0,Portal de las Flores,Tulipanes,12.0,25.03,300.36,42.04,504.48,204.12,1
2024-09-26,2024.0,Florería Central,Girasoles,37.0,15.53,574.61,24.22,896.14,321.53,1
2024-09-27,2024.0,Portal de las Flores,Orquídeas,11.0,46.08,506.88,72.2,794.2,287.32,2
2025-03-31,2025.0,Jardín Express,Rosas,3.0,18.27,54.81,30.57,91.71,36.9,0
2025-04-06,2025.0,EcoFlores Norte,Lirios,16.0,19.18,306.88,25.51,408.16,101.28,1
2025-12-27,2025.0,Florería Central,Orquídeas,38.0,40.88,1553.44,56.54,2148.52,595.08,2
2024-09-08,2024.0,EcoFlores Norte,Tulipanes,13.0,26.18,340.34,41.09,534.17,193.83,1
2025-12-02,2025.0,EcoFlores Norte,Rosas,12.0,19.18,230.16,28.77,345.24,115.08,0
2024-10-22,2024.0,Florería Central,Orquídeas,33.0,47.45,1565.85,65.99,2177.67,611.82,2
2025-12-25,2025.0,Florería Central,Tulipanes,33.0,22.53,743.49,38.23,1261.59,518.1,1
2025-12-20,2025.0,Florería Central,Tulipanes,34.0,26.2,890.8,41.27,1403.18,512.38,1
2024-12-03,2024.0,EcoFlores Norte,Tulipanes,20.0,21.21,424.2,27.6,552.0,127.8,1
2024-02-22,2024.0,Portal de las Flores,Lirios,18.0,15.53,279.54,24.93,448.74,169.2,1
2024-08-04,2024.0,Portal de las Flores,Rosas,22.0,19.84,436.48,34.72,763.84,327.36,0
2024-07-06,2024.0,EcoFlores Norte,Girasoles,13.0,14.97,194.61,25.83,335.79,141.18,1
2025-01-14,2025.0,Jardín Express,Girasoles,4.0,12.3,49.2,19.83,79.32,30.12,0
2025-05-07,2025.0,Florería Central,Orquídeas,31.0,49.99,1549.69,76.81,2381.11,831.42,2
2024-02-10,2024.0,Florería Central,Rosas,30.0,15.43,462.9,25.01,750.3,287.4,0
2024-06-05,2024.0,EcoFlores Norte,Tulipanes,11.0,24.95,274.45,33.16,364.76,90.31,1
2024-01-15,2024.0,Florería Central,Lirios,41.0,15.15,621.15,24.96,1023.36,402.21,1
2024-03-05,2024.0,Jardín Express,Tulipanes,13.0,20.51,266.63,30.16,392.08,125.45,1
2025-06-04,2025.0,Portal de las Flores,Girasoles,17.0,14.43,245.31,21.19,360.23,114.92,1
2024-12-09,2024.0,EcoFlores Norte,Tulipanes,12.0,22.96,275.52,30.64,367.68,92.16,1
2024-05-08,2024.0,Florería Central,Orquídeas,29.0,47.29,1371.41,63.13,1830.77,459.36,2
2025-10-09,2025.0,EcoFlores Norte,Tulipanes,19.0,24.24,460.56,35.44,673.36,212.8,1
2025-04-16,2025.0,Jardín Express,Rosas,10.0,15.58,155.8,23.2,232.0,76.2,0
2024-03-03,2024.0,Portal de las Flores,Rosas,19.0,17.1,324.9,27.19,516.61,191.71,0
2024-05-18,2024.0,Portal de las Flores,Orquídeas,20.0,51.23,1024.6,82.86,1657.2,632.6,2
2025-05-13,2025.0,Jardín Express,Rosas,5.0,17.73,88.65,29.75,148.75,60.1,0
2025-08-15,2025.0,Florería Central,Girasoles,35.0,16.02,560.7,24.63,862.05,301.35,1
2025-01-26,2025.0,Portal de las Flores,Lirios,15.0,17.87,268.05,24.06,360.9,92.85,1
2025-11-05,2025.0,Portal de las Flores,Tulipanes,24.0,26.07,625.68,45.16,1083.84,458.16,1
2025-02-22,2025.0,Florería Central,Orquídeas,40.0,38.74,1549.6,56.23,2249.2,699.6,2
2024-10-15,2024.0,Portal de las Flores,Lirios,25.0,16.29,407.25,21.89,547.25,140.0,1
2025-01-13,2025.0,Jardín Express,Rosas,11.0,16.81,184.91,29.77,327.47,142.56,0
2025-05-04,2025.0,Portal de las Flores,Girasoles,20.0,15.2,304.0,24.13,482.6,178.6,1
2024-08-18,2024.0,EcoFlores Norte,Lirios,18.0,16.39,295.02,28.5,513.0,217.98,1
2024-02-10,2024.0,Portal de las Flores,Girasoles,19.0,15.22,289.18,22.1,419.9,130.72,1
2024-01-28,2024.0,Florería Central,Girasoles,40.0,14.32,572.8,22.05,882.0,309.2,1
2024-05-14,2024.0,Florería Central,Lirios,35.0,16.93,592.55,27.14,949.9,357.35,1
2024-07-19,2024.0,Portal de las Flores,Lirios,21.0,18.66,391.86,30.47,639.87,248.01,1
2024-02-02,2024.0,Portal de las Flores,Lirios,19.0,14.58,277.02,19.94,378.86,101.84,1
2024-02-17,2024.0,EcoFlores Norte,Rosas,15.0,18.51,277.65,32.73,490.95,213.3,0
2025-05-17,2025.0,EcoFlores Norte,Tulipanes,19.0,21.16,402.04,34.29,651.51,249.47,1
2025-02-10,2025.0,Florería Central,Rosas,21.0,17.39,365.19,27.51,577.71,212.52,0
2025-07-27,2025.0,Portal de las Flores,Tulipanes,27.0,21.92,591.84,33.81,912.87,321.03,1
2025-12-28,2025.0,Portal de las Flores,Lirios,11.0,16.64,183.04,23.05,253.55,70.51,1
2024-04-08,2024.0,Florería Central,Rosas,42.0,16.94,711.48,22.88,960.96,249.48,0
2025-11-14,2025.0,EcoFlores Norte,Orquídeas,25.0,41.34,1033.5,58.55,1463.75,430.25,2
2025-12-26,2025.0,EcoFlores Norte,Tulipanes,24.0,24.89,597.36,38.92,934.08,336.72,1
2025-06-30,2025.0,Jardín Express,Girasoles,6.0,14.65,87.9,21.64,129.84,41.94,0
2025-04-06,2025.0,Portal de las Flores,Lirios,19.0,16.9,321.1,22.13,420.47,99.37,1
2025-10-04,2025.0,Jardín Express,Girasoles,7.0,14.76,103.32,20.59,144.13,40.81,0
2024-01-05,2024.0,Florería Central,Tulipanes,34.0,21.19,720.46,33.35,1133.9,413.44,1
2024-08-05,2024.0,Jardín Express,Tulipanes,9.0,22.32,200.88,30.68,276.12,75.24,1
2025-05-17,2025.0,Portal de las Flores,Orquídeas,17.0,47.05,799.85,80.24,1364.08,564.23,2
2025-02-01,2025.0,Florería Central,Girasoles,39.0,13.83,539.37,23.41,912.99,373.62,1
2025-01-27,2025.0,Florería Central,Rosas,37.0,20.39,754.43,34.75,1285.75,531.32,0
2024-07-25,2024.0,EcoFlores Norte,Tulipanes,14.0,26.45,370.3,34.89,488.46,118.16,1
2024-01-15,2024.0,EcoFlores Norte,Lirios,17.0,16.42,279.14,25.04,425.68,146.54,1
2025-07-07,2025.0,Florería Central,Orquídeas,45.0,39.15,1761.75,61.04,2746.8,985.05,2
2025-04-05,2025.0,Jardín Express,Rosas,7.0,15.56,108.92,20.52,143.64,34.72,0
2025-11-21,2025.0,Jardín Express,Girasoles,8.0,12.2,97.6,16.29,130.32,32.72,0
2025-07-28,2025.0,EcoFlores Norte,Rosas,5.0,17.79,88.95,31.95,159.75,70.8,0
2024-08-28,2024.0,EcoFlores Norte,Lirios,18.0,17.82,320.76,24.82,446.76,126.0,1
2025-07-17,2025.0,Jardín Express,Tulipanes,11.0,20.89,229.79,31.59,347.49,117.7,1
2024-04-05,2024.0,Jardín Express,Rosas,8.0,20.53,164.24,29.72,237.76,73.52,0
2025-04-29,2025.0,EcoFlores Norte,Tulipanes,16.0,27.31,436.96,42.03,672.48,235.52,1
2024-08-18,2024.0,EcoFlores Norte,Rosas,22.0,18.11,398.42,29.13,640.86,242.44,0
2025-10-16,2025.0,Portal de las Flores,Girasoles,19.0,12.08,229.52,16.37,311.03,81.51,1
2024-06-19,2024.0,Portal de las Flores,Rosas,13.0,17.67,229.71,28.39,369.07,139.36,0
2025-06-24,2025.0,Portal de las Flores,Orquídeas,8.0,41.5,332.0,56.47,451.76,119.76,2
2024-02-05,2024.0,EcoFlores Norte,Tulipanes,11.0,26.73,294.03,38.2,420.2,126.17,1
2025-06-08,2025.0,Jardín Express,Rosas,11.0,19.38,213.18,29.66,326.26,113.08,0
2024-06-08,2024.0,EcoFlores Norte,Lirios,11.0,14.72,161.92,21.49,236.39,74.47,1
2025-11-29,2025.0,Portal de las Flores,Girasoles,21.0,13.03,273.63,20.45,429.45,155.82,1
2024-08-30,2024.0,Florería Central,Tulipanes,38.0,26.29,999.02,36.98,1405.24,406.22,1
2024-03-26,2024.0,Jardín Express,Rosas,6.0,17.15,102.9,25.84,155.04,52.14,0
2025-07-31,2025.0,Florería Central,Orquídeas,19.0,45.88,871.72,75.45,1433.55,561.83,2
2025-11-12,2025.0,Jardín Express,Girasoles,8.0,15.58,124.64,23.63,189.04,64.4,0
2025-07-10,2025.0,EcoFlores Norte,Tulipanes,16.0,26.16,418.56,36.68,586.88,168.32,1
2025-07-27,2025.0,Portal de las Flores,Lirios,14.0,18.19,254.66,29.25,409.5,154.84,1
2025-10-07,2025.0,Jardín Express,Girasoles,10.0,14.1,141.0,24.31,243.1,102.1,0
2024-01-28,2024.0,Portal de las Flores,Orquídeas,6.0,48.32,289.92,67.71,406.26,116.34,2
2025-09-11,2025.0,Portal de las Flores,Lirios,11.0,15.21,167.31,22.1,243.1,75.79,1
2025-07-09,2025.0,EcoFlores Norte,Tulipanes,12.0,21.3,255.6,31.79,381.48,125.88,1
2024-12-05,2024.0,EcoFlores Norte,Lirios,19.0,16.45,312.55,24.78,470.82,158.27,1
2024-11-26,2024.0,EcoFlores Norte,Rosas,22.0,15.46,340.12,21.39,470.58,130.46,0
2025-10-01,2025.0,EcoFlores Norte,Lirios,18.0,16.9,304.2,27.4,493.2,189.0,1
2025-05-20,2025.0,EcoFlores Norte,Rosas,13.0,16.52,214.76,27.28,354.64,139.88,0
2024-12-13,2024.0,EcoFlores Norte,Girasoles,23.0,13.03,299.69,22.31,513.13,213.44,1
2025-04-17,2025.0,Florería Central,Orquídeas,39.0,40.26,1570.14,66.34,2587.26,1017.12,2
2024-08-18,2024.0,EcoFlores Norte,Lirios,22.0,17.09,375.98,25.98,571.56,195.58,1
2024-07-08,2024.0,EcoFlores Norte,Rosas,21.0,19.27,404.67,27.32,573.72,169.05,0
2024-08-12,2024.0,Jardín Express,Rosas,12.0,20.69,248.28,36.55,438.6,190.32,0
2025-01-19,2025.0,Florería Central,Tulipanes,40.0,24.99,999.6,38.69,1547.6,548.0,1
2024-10-09,2024.0,EcoFlores Norte,Tulipanes,16.0,24.47,391.52,43.8,700.8,309.28,1
2025-09-24,2025.0,Jardín Express,Rosas,8.0,16.91,135.28,29.94,239.52,104.24,0
2025-09-19,2025.0,Portal de las Flores,Girasoles,9.0,13.7,123.3,23.79,214.11,90.81,1
2024-09-15,2024.0,Florería Central,Orquídeas,13.0,50.9,661.7,84.14,1093.82,432.12,2
2025-03-31,2025.0,EcoFlores Norte,Tulipanes,21.0,27.04,567.84,41.53,872.13,304.29,1
2025-02-14,2025.0,Florería Central,Rosas,34.0,16.71,568.14,23.79,808.86,240.72,0
2025-10-10,2025.0,EcoFlores Norte,Lirios,16.0,19.42,310.72,28.85,461.6,150.88,1
2024-11-13,2024.0,Jardín Express,Tulipanes,6.0,20.85,125.1,36.55,219.3,94.2,1
2025-11-07,2025.0,Florería Central,Girasoles,34.0,13.22,449.48,22.29,757.86,308.38,1
2024-08-12,2024.0,Portal de las Flores,Tulipanes,22.0,21.32,469.04,37.12,816.64,347.6,1
2024-08-21,2024.0,Florería Central,Rosas,48.0,17.56,842.88,25.11,1205.28,362.4,0
2025-11-14,2025.0,Florería Central,Orquídeas,28.0,42.82,1198.96,62.28,1743.84,544.88,2
2025-10-25,2025.0,Florería Central,Orquídeas,39.0,42.97,1675.83,58.31,2274.09,598.26,2
2025-01-08,2025.0,Portal de las Flores,Lirios,15.0,18.79,281.85,29.7,445.5,163.65,1
2025-11-02,2025.0,Florería Central,Lirios,28.0,15.61,437.08,23.45,656.6,219.52,1
2025-08-30,2025.0,Jardín Express,Rosas,9.0,15.74,141.66,24.07,216.63,74.97,0
2025-04-16,2025.0,Florería Central,Orquídeas,49.0,40.15,1967.35,65.53,3210.97,1243.62,2
2024-08-20,2024.0,Florería Central,Orquídeas,16.0,47.04,752.64,73.98,1183.68,431.04,2
2025-11-22,2025.0,EcoFlores Norte,Lirios,12.0,15.02,180.24,22.2,266.4,86.16,1
2024-04-22,2024.0,Jardín Express,Rosas,6.0,16.7,100.2,23.09,138.54,38.34,0
2025-05-11,2025.0,Jardín Express,Girasoles,9.0,15.07,135.63,19.73,177.57,41.94,0
2025-03-17,2025.0,EcoFlores Norte,Lirios,16.0,19.47,311.52,32.83,525.28,213.76,1
2025-07-17,2025.0,Jardín Express,Girasoles,3.0,12.3,36.9,18.1,54.3,17.4,0
2024-09-24,2024.0,EcoFlores Norte,Tulipanes,13.0,25.13,326.69,43.0,559.0,232.31,1
2025-05-24,2025.0,Portal de las Flores,Girasoles,19.0,15.16,288.04,27.02,513.38,225.34,1
2025-01-20,2025.0,EcoFlores Norte,Rosas,16.0,19.39,310.24,27.89,446.24,136.0,0
2025-01-21,2025.0,EcoFlores Norte,Lirios,14.0,16.47,230.58,28.95,405.3,174.72,1
2024-04-22,2024.0,EcoFlores Norte,Tulipanes,28.0,21.6,604.8,34.71,971.88,367.08,1
2025-09-04,2025.0,Florería Central,Lirios,20.0,15.86,317.2,28.42,568.4,251.2,1
2025-09-16,2025.0,Florería Central,Orquídeas,34.0,48.14,1636.76,82.33,2799.22,1162.46,2
2024-03-21,2024.0,Florería Central,Orquídeas,32.0,46.56,1489.92,62.47,1999.04,509.12,2
2025-11-29,2025.0,EcoFlores Norte,Rosas,13.0,20.64,268.32,31.84,413.92,145.6,0
2024-04-22,2024.0,Florería Central,Orquídeas,44.0,46.82,2060.08,64.75,2849.0,788.92,2
2024-01-02,2024.0,Portal de las Flores,Tulipanes,12.0,20.49,245.88,32.37,388.44,142.56,1
2025-10-03,2025.0,Florería Central,Rosas,32.0,19.74,631.68,27.73,887.36,255.68,0
2024-08-07,2024.0,Portal de las Flores,Lirios,22.0,15.01,330.22,25.21,554.62,224.4,1
2025-07-19,2025.0,Florería Central,Orquídeas,33.0,49.34,1628.22,75.47,2490.51,862.29,2
2024-08-12,2024.0,Florería Central,Tulipanes,36.0,24.18,870.48,34.39,1238.04,367.56,1
2025-01-19,2025.0,EcoFlores Norte,Lirios,18.0,14.96,269.28,21.24,382.32,113.04,1
2025-02-06,2025.0,EcoFlores Norte,Lirios,14.0,17.58,246.12,26.68,373.52,127.4,1
2025-09-29,2025.0,EcoFlores Norte,Tulipanes,21.0,26.46,555.66,40.63,853.23,297.57,1
2024-05-09,2024.0,Jardín Express,Rosas,7.0,15.32,107.24,25.14,175.98,68.74,0
2024-02-22,2024.0,Portal de las Flores,Rosas,15.0,18.84,282.6,33.83,507.45,224.85,0
2025-11-14,2025.0,Jardín Express,Rosas,12.0,18.07,216.84,26.25,315.0,98.16,0
2025-12-30,2025.0,Jardín Express,Rosas,11.0,19.42,213.62,29.21,321.31,107.69,0
2025-11-02,2025.0,EcoFlores Norte,Lirios,19.0,18.47,350.93,30.15,572.85,221.92,1
2025-12-10,2025.0,Portal de las Flores,Girasoles,22.0,15.71,345.62,25.69,565.18,219.56,1
2025-02-19,2025.0,Jardín Express,Rosas,3.0,16.52,49.56,24.63,73.89,24.33,0
2024-09-03,2024.0,Portal de las Flores,Girasoles,11.0,13.63,149.93,23.19,255.09,105.16,1
2025-03-14,2025.0,Jardín Express,Tulipanes,7.0,26.58,186.06,38.44,269.08,83.02,1
2024-07-21,2024.0,Jardín Express,Girasoles,9.0,14.84,133.56,25.52,229.68,96.12,0
2024-07-02,2024.0,Florería Central,Lirios,27.0,18.68,504.36,26.91,726.57,222.21,1
2024-05-02,2024.0,Jardín Express,Tulipanes,11.0,21.97,241.67,29.88,328.68,87.01,1
2025-02-04,2025.0,EcoFlores Norte,Rosas,8.0,18.53,148.24,26.84,214.72,66.48,0
2024-10-20,2024.0,Jardín Express,Girasoles,7.0,14.41,100.87,19.2,134.4,33.53,0
2024-10-06,2024.0,EcoFlores Norte,Lirios,22.0,19.0,418.0,26.46,582.12,164.12,1
2025-09-01,2025.0,Jardín Express,Girasoles,13.0,15.42,200.46,22.25,289.25,88.79,0
2024-07-16,2024.0,EcoFlores Norte,Girasoles,14.0,15.39,215.46,24.62,344.68,129.22,1
2025-05-25,2025.0,Florería Central,Orquídeas,35.0,45.34,1586.9,59.68,2088.8,501.9,2
2024-05-23,2024.0,Jardín Express,Girasoles,8.0,14.07,112.56,21.32,170.56,58.0,0
2025-08-31,2025.0,EcoFlores Norte,Lirios,23.0,16.82,386.86,23.02,529.46,142.6,1
2024-07-19,2024.0,Jardín Express,Girasoles,14.0,14.55,203.7,23.22,325.08,121.38,0
2024-05-03,2024.0,Florería Central,Orquídeas,26.0,47.38,1231.88,64.71,1682.46,450.58,2
2024-07-05,2024.0,EcoFlores Norte,Tulipanes,28.0,27.24,762.72,43.59,1220.52,457.8,1
2024-11-21,2024.0,Jardín Express,Lirios,7.0,15.82,110.74,23.79,166.53,55.79,1
2025-04-08,2025.0,Portal de las Flores,Rosas,24.0,16.59,398.16,25.46,611.04,212.88,0
2024-12-14,2024.0,Florería Central,Girasoles,36.0,13.92,501.12,19.46,700.56,199.44,1
2025-10-21,2025.0,Jardín Express,Tulipanes,15.0,24.27,364.05,41.92,628.8,264.75,1
2025-02-06,2025.0,Florería Central,Tulipanes,29.0,20.66,599.14,27.97,811.13,211.99,1
2024-12-11,2024.0,Portal de las Flores,Lirios,11.0,16.47,181.17,21.78,239.58,58.41,1
2025-05-25,2025.0,Florería Central,Girasoles,32.0,12.27,392.64,19.74,631.68,239.04,1
2024-05-26,2024.0,EcoFlores Norte,Tulipanes,18.0,20.61,370.98,33.75,607.5,236.52,1
2024-05-27,2024.0,Portal de las Flores,Girasoles,25.0,13.79,344.75,24.34,608.5,263.75,1
2025-12-11,2025.0,Florería Central,Girasoles,20.0,15.71,314.2,26.03,520.6,206.4,1
2025-05-03,2025.0,EcoFlores Norte,Orquídeas,10.0,42.26,422.6,70.12,701.2,278.6,2
2025-10-01,2025.0,EcoFlores Norte,Lirios,18.0,17.95,323.1,24.36,438.48,115.38,1
2025-07-04,2025.0,Portal de las Flores,Rosas,16.0,17.76,284.16,26.37,421.92,137.76,0
2024-12-03,2024.0,Jardín Express,Girasoles,10.0,13.6,136.0,19.86,198.6,62.6,0
2025-10-02,2025.0,Florería Central,Lirios,35.0,17.86,625.1,29.28,1024.8,399.7,1
2025-04-17,2025.0,Portal de las Flores,Girasoles,19.0,14.57,276.83,25.59,486.21,209.38,1
2025-02-18,2025.0,Florería Central,Lirios,35.0,15.17,530.95,19.81,693.35,162.4,1
2024-10-24,2024.0,Portal de las Flores,Orquídeas,15.0,42.23,633.45,65.16,977.4,343.95,2
2025-09-02,2025.0,Florería Central,Girasoles,33.0,15.33,505.89,20.45,674.85,168.96,1
2024-09-19,2024.0,Florería Central,Orquídeas,23.0,44.05,1013.15,72.09,1658.07,644.92,2
2024-05-23,2024.0,Jardín Express,Girasoles,8.0,12.85,102.8,19.17,153.36,50.56,0
2024-12-11,2024.0,Jardín Express,Girasoles,11.0,15.75,173.25,23.87,262.57,89.32,0
2025-09-15,2025.0,EcoFlores Norte,Lirios,17.0,17.13,291.21,26.65,453.05,161.84,1
2025-07-25,2025.0,EcoFlores Norte,Tulipanes,16.0,21.43,342.88,37.4,598.4,255.52,1
2024-01-02,2024.0,Florería Central,Lirios,36.0,16.38,589.68,21.35,768.6,178.92,1
2024-10-30,2024.0,Jardín Express,Rosas,1.0,17.51,17.51,25.49,25.49,7.98,0
2024-09-10,2024.0,Portal de las Flores,Lirios,27.0,17.41,470.07,27.51,742.77,272.7,1
2025-10-13,2025.0,Jardín Express,Girasoles,8.0,12.49,99.92,19.27,154.16,54.24,0
2025-03-28,2025.0,EcoFlores Norte,Lirios,12.0,14.96,179.52,21.01,252.12,72.6,1
2024-02-06,2024.0,Jardín Express,Rosas,8.0,16.16,129.28,21.2,169.6,40.32,0
2024-06-08,2024.0,Jardín Express,Rosas,4.0,19.81,79.24,29.42,117.68,38.44,0
2024-01-09,2024.0,EcoFlores Norte,Tulipanes,17.0,26.8,455.6,42.92,729.64,274.04,1
2024-08-20,2024.0,EcoFlores Norte,Tulipanes,19.0,21.49,408.31,28.27,537.13,128.82,1
2024-04-08,2024.0,EcoFlores Norte,Tulipanes,14.0,24.3,340.2,33.46,468.44,128.24,1
2025-10-20,2025.0,Florería Central,Orquídeas,30.0,49.57,1487.1,73.27,2198.1,711.0,2
2024-07-26,2024.0,Portal de las Flores,Lirios,15.0,15.44,231.6,20.52,307.8,76.2,1
2025-02-07,2025.0,Jardín Express,Rosas,6.0,17.7,106.2,28.55,171.3,65.1,0
2024-05-31,2024.0,Jardín Express,Rosas,10.0,16.92,169.2,24.75,247.5,78.3,0
2024-02-23,2024.0,EcoFlores Norte,Girasoles,22.0,12.75,280.5,19.09,419.98,139.48,1
2024-04-29,2024.0,EcoFlores Norte,Lirios,20.0,15.13,302.6,24.16,483.2,180.6,1
2025-11-03,2025.0,Portal de las Flores,Girasoles,21.0,13.38,280.98,20.46,429.66,148.68,1
2025-09-19,2025.0,Portal de las Flores,Lirios,21.0,14.74,309.54,24.18,507.78,198.24,1
2025-08-09,2025.0,Florería Central,Orquídeas,48.0,50.99,2447.52,70.08,3363.84,916.32,2
2025-09-16,2025.0,Jardín Express,Girasoles,8.0,13.97,111.76,20.27,162.16,50.4,0
2025-02-23,2025.0,EcoFlores Norte,Tulipanes,16.0,21.86,349.76,36.74,587.84,238.08,1
2025-02-25,2025.0,Jardín Express,Girasoles,7.0,14.95,104.65,26.12,182.84,78.19,0
2024-04-13,2024.0,Jardín Express,Tulipanes,10.0,26.36,263.6,44.34,443.4,179.8,1
2024-09-10,2024.0,EcoFlores Norte,Lirios,18.0,14.75,265.5,19.2,345.6,80.1,1
2024-08-14,2024.0,Florería Central,Orquídeas,34.0,50.31,1710.54,66.97,2276.98,566.44,2
2024-04-21,2024.0,Portal de las Flores,Girasoles,23.0,14.53,334.19,25.62,589.26,255.07,1
2025-05-24,2025.0,EcoFlores Norte,Lirios,3.0,19.19,57.57,25.24,75.72,18.15,1
2025-04-17,2025.0,Jardín Express,Girasoles,6.0,13.41,80.46,22.83,136.98,56.52,0
2024-04-08,2024.0,EcoFlores Norte,Lirios,14.0,17.15,240.1,29.1,407.4,167.3,1
2024-06-01,2024.0,Jardín Express,Lirios,10.0,15.95,159.5,20.85,208.5,49.0,1
2024-12-03,2024.0,Florería Central,Girasoles,39.0,14.56,567.84,19.43,757.77,189.93,1
2025-12-06,2025.0,Florería Central,Orquídeas,40.0,48.59,1943.6,83.72,3348.8,1405.2,2
2024-06-11,2024.0,Portal de las Flores,Rosas,27.0,19.21,518.67,27.67,747.09,228.42,0
2025-12-20,2025.0,EcoFlores Norte,Tulipanes,17.0,21.2,360.4,36.13,614.21,253.81,1
2025-11-11,2025.0,Florería Central,Orquídeas,30.0,38.33,1149.9,51.76,1552.8,402.9,2
2024-06-09,2024.0,Portal de las Flores,Tulipanes,20.0,26.12,522.4,43.19,863.8,341.4,1
2025-08-02,2025.0,EcoFlores Norte,Rosas,13.0,19.13,248.69,31.25,406.25,157.56,0
2025-02-01,2025.0,Jardín Express,Rosas,10.0,20.32,203.2,30.53,305.3,102.1,0
2024-10-03,2024.0,Jardín Express,Rosas,6.0,18.45,110.7,31.75,190.5,79.8,0
2025-05-18,2025.0,Florería Central,Orquídeas,35.0,43.08,1507.8,69.96,2448.6,940.8,2
2025-01-26,2025.0,Portal de las Flores,Rosas,21.0,19.19,402.99,33.27,698.67,295.68,0
2024-05-14,2024.0,Portal de las Flores,Tulipanes,21.0,24.99,524.79,39.06,820.26,295.47,1
2024-07-13,2024.0,Portal de las Flores,Orquídeas,27.0,41.42,1118.34,60.13,1623.51,505.17,2
2025-02-04,2025.0,Jardín Express,Girasoles,4.0,15.16,60.64,21.77,87.08,26.44,0
2025-10-01,2025.0,Jardín Express,Rosas,8.0,20.06,160.48,34.34,274.72,114.24,0
2025-11-18,2025.0,Portal de las Flores,Tulipanes,26.0,22.39,582.14,37.02,962.52,380.38,1
2025-04-04,2025.0,Jardín Express,Girasoles,1.0,15.85,15.85,21.26,21.26,5.41,0
2025-04-14,2025.0,EcoFlores Norte,Rosas,15.0,17.25,258.75,24.76,371.4,112.65,0
2025-01-09,2025.0,Jardín Express,Girasoles,10.0,15.86,158.6,23.97,239.7,81.1,0
2024-01-22,2024.0,Portal de las Flores,Orquídeas,20.0,47.36,947.2,64.32,1286.4,339.2,2
2025-10-31,2025.0,Jardín Express,Tulipanes,12.0,25.47,305.64,33.17,398.04,92.4,1
2024-02-07,2024.0,Jardín Express,Rosas,4.0,20.03,80.12,27.87,111.48,31.36,0
2024-08-17,2024.0,EcoFlores Norte,Lirios,18.0,15.97,287.46,21.6,388.8,101.34,1
2024-12-30,2024.0,Jardín Express,Girasoles,8.0,16.1,128.8,21.77,174.16,45.36,0
2025-07-16,2025.0,Portal de las Flores,Orquídeas,19.0,39.75,755.25,64.28,1221.32,466.07,2
2025-03-13,2025.0,Jardín Express,Rosas,11.0,15.58,171.38,26.23,288.53,117.15,0
2024-10-09,2024.0,Portal de las Flores,Lirios,21.0,15.53,326.13,25.29,531.09,204.96,1
2024-01-27,2024.0,Jardín Express,Girasoles,8.0,14.62,116.96,24.83,198.64,81.68,0
2024-08-13,2024.0,Jardín Express,Girasoles,5.0,14.64,73.2,24.44,122.2,49.0,0
2024-10-03,2024.0,EcoFlores Norte,Lirios,15.0,14.72,220.8,24.16,362.4,141.6,1
2025-08-31,2025.0,Portal de las Flores,Rosas,18.0,17.29,311.22,22.98,413.64,102.42,0
2024-10-10,2024.0,Portal de las Flores,Tulipanes,23.0,24.32,559.36,32.83,755.09,195.73,1
2025-04-25,2025.0,Portal de las Flores,Lirios,10.0,14.55,145.5,19.82,198.2,52.7,1
2025-03-28,2025.0,Portal de las Flores,Girasoles,13.0,13.97,181.61,20.98,272.74,91.13,1
2025-10-20,2025.0,Florería Central,Lirios,42.0,18.93,795.06,25.0,1050.0,254.94,1
2025-05-30,2025.0,Portal de las Flores,Rosas,14.0,16.98,237.72,28.65,401.1,163.38,0
2025-06-30,2025.0,Jardín Express,Rosas,5.0,17.37,86.85,25.77,128.85,42.0,0
2024-07-10,2024.0,Florería Central,Tulipanes,36.0,20.53,739.08,29.7,1069.2,330.12,1
2024-02-18,2024.0,Florería Central,Orquídeas,40.0,45.95,1838.0,72.79,2911.6,1073.6,2
2025-05-26,2025.0,Florería Central,Orquídeas,25.0,51.4,1285.0,88.59,2214.75,929.75,2
2024-01-17,2024.0,Florería Central,Orquídeas,37.0,42.18,1560.66,59.2,2190.4,629.74,2
2024-06-20,2024.0,Jardín Express,Rosas,11.0,15.65,172.15,22.13,243.43,71.28,0
2024-08-07,2024.0,Portal de las Flores,Tulipanes,30.0,23.81,714.3,31.64,949.2,234.9,1
2024-06-06,2024.0,Portal de las Flores,Rosas,19.0,16.59,315.21,25.97,493.43,178.22,0
2025-04-21,2025.0,EcoFlores Norte,Tulipanes,11.0,21.81,239.91,29.89,328.79,88.88,1
2024-02-15,2024.0,Portal de las Flores,Rosas,16.0,19.52,312.32,31.02,496.32,184.0,0
2025-01-07,2025.0,Jardín Express,Lirios,10.0,15.29,152.9,24.79,247.9,95.0,1
2025-06-01,2025.0,Florería Central,Girasoles,35.0,15.75,551.25,22.76,796.6,245.35,1
2024-04-08,2024.0,EcoFlores Norte,Tulipanes,18.0,25.37,456.66,44.79,806.22,349.56,1
2024-02-06,2024.0,EcoFlores Norte,Girasoles,16.0,13.78,220.48,18.84,301.44,80.96,1
2024-10-06,2024.0,Portal de las Flores,Girasoles,15.0,15.89,238.35,28.3,424.5,186.15,1
2024-12-14,2024.0,Portal de las Flores,Tulipanes,27.0,24.34,657.18,33.84,913.68,256.5,1
2025-05-11,2025.0,Jardín Express,Rosas,7.0,16.43,115.01,21.77,152.39,37.38,0
2024-10-28,2024.0,Florería Central,Rosas,25.0,20.67,516.75,32.32,808.0,291.25,0
2024-06-29,2024.0,Jardín Express,Rosas,3.0,17.66,52.98,28.2,84.6,31.62,0
2025-08-29,2025.0,Jardín Express,Rosas,9.0,15.37,138.33,20.09,180.81,42.48,0
2024-04-08,2024.0,EcoFlores Norte,Lirios,18.0,19.43,349.74,32.62,587.16,237.42,1
2025-11-30,2025.0,Florería Central,Orquídeas,39.0,48.69,1898.91,70.84,2762.76,863.85,2
2024-04-25,2024.0,Portal de las Flores,Rosas,28.0,20.48,573.44,34.44,964.32,390.88,0
2024-07-09,2024.0,Florería Central,Orquídeas,33.0,38.41,1267.53,50.11,1653.63,386.1,2
2024-09-09,2024.0,Florería Central,Girasoles,45.0,12.09,544.05,20.6,927.0,382.95,1
2024-06-09,2024.0,EcoFlores Norte,Lirios,19.0,18.17,345.23,24.49,465.31,120.08,1
2024-09-12,2024.0,Florería Central,Tulipanes,42.0,20.4,856.8,35.71,1499.82,643.02,1
2024-11-18,2024.0,Portal de las Flores,Girasoles,18.0,15.91,286.38,24.62,443.16,156.78,1
2024-05-07,2024.0,Florería Central,Orquídeas,24.0,48.43,1162.32,85.2,2044.8,882.48,2
2024-01-18,2024.0,Florería Central,Orquídeas,22.0,41.97,923.34,67.61,1487.42,564.08,2
2025-07-19,2025.0,Florería Central,Tulipanes,19.0,25.13,477.47,35.69,678.11,200.64,1
2025-07-23,2025.0,Portal de las Flores,Tulipanes,25.0,27.01,675.25,36.49,912.25,237.0,1
2024-11-18,2024.0,Portal de las Flores,Girasoles,17.0,15.89,270.13,25.28,429.76,159.63,1
2025-11-16,2025.0,Jardín Express,Girasoles,10.0,13.7,137.0,20.05,200.5,63.5,0
2025-09-17,2025.0,Jardín Express,Rosas,10.0,20.41,204.1,35.64,356.4,152.3,0
2024-10-14,2024.0,Florería Central,Orquídeas,32.0,49.36,1579.52,86.11,2755.52,1176.0,2
2025-10-24,2025.0,Portal de las Flores,Orquídeas,16.0,42.24,675.84,67.45,1079.2,403.36,2
2025-09-30,2025.0,Portal de las Flores,Orquídeas,15.0,46.84,702.6,69.43,1041.45,338.85,2
2024-06-03,2024.0,Portal de las Flores,Girasoles,4.0,15.31,61.24,26.3,105.2,43.96,1
2025-05-04,2025.0,Florería Central,Orquídeas,36.0,48.7,1753.2,71.9,2588.4,835.2,2
2025-01-20,2025.0,EcoFlores Norte,Rosas,18.0,16.83,302.94,25.46,458.28,155.34,0
2025-01-27,2025.0,Florería Central,Orquídeas,29.0,51.39,1490.31,72.62,2105.98,615.67,2
2024-09-02,2024.0,Portal de las Flores,Lirios,20.0,16.0,320.0,22.64,452.8,132.8,1
2024-02-08,2024.0,Florería Central,Orquídeas,27.0,43.96,1186.92,63.81,1722.87,535.95,2
2025-04-21,2025.0,Portal de las Flores,Lirios,25.0,15.38,384.5,22.85,571.25,186.75,1
2025-11-12,2025.0,Jardín Express,Lirios,9.0,16.52,148.68,23.3,209.7,61.02,1
2025-06-21,2025.0,Portal de las Flores,Lirios,12.0,16.39,196.68,24.7,296.4,99.72,1
2025-02-11,2025.0,Portal de las Flores,Tulipanes,20.0,20.55,411.0,29.48,589.6,178.6,1
2025-06-08,2025.0,Portal de las Flores,Rosas,24.0,17.9,429.6,26.51,636.24,206.64,0
2025-05-20,2025.0,EcoFlores Norte,Tulipanes,11.0,25.54,280.94,42.89,471.79,190.85,1
2024-02-05,2024.0,Portal de las Flores,Rosas,31.0,17.29,535.99,30.54,946.74,410.75,0
2025-11-15,2025.0,EcoFlores Norte,Rosas,33.0,16.27,536.91,21.95,724.35,187.44,0
2024-01-20,2024.0,Portal de las Flores,Rosas,17.0,15.47,262.99,20.51,348.67,85.68,0
2024-11-16,2024.0,Florería Central,Girasoles,42.0,13.31,559.02,23.82,1000.44,441.42,1
2025-05-26,2025.0,Jardín Express,Rosas,10.0,17.65,176.5,27.79,277.9,101.4,0
2025-02-03,2025.0,Florería Central,Girasoles,44.0,12.58,553.52,21.3,937.2,383.68,1
2025-10-15,2025.0,EcoFlores Norte,Lirios,19.0,17.59,334.21,30.28,575.32,241.11,1
2025-04-15,2025.0,Jardín Express,Rosas,7.0,19.11,133.77,32.65,228.55,94.78,0
2024-05-22,2024.0,Florería Central,Orquídeas,16.0,42.42,678.72,65.37,1045.92,367.2,2
2024-04-01,2024.0,EcoFlores Norte,Rosas,24.0,19.62,470.88,30.93,742.32,271.44,0
2024-12-19,2024.0,EcoFlores Norte,Tulipanes,18.0,25.28,455.04,40.76,733.68,278.64,1
2025-12-27,2025.0,Portal de las Flores,Girasoles,21.0,14.01,294.21,18.71,392.91,98.7,1
2024-02-20,2024.0,Portal de las Flores,Girasoles,11.0,12.58,138.38,17.53,192.83,54.45,1
2025-10-26,2025.0,EcoFlores Norte,Tulipanes,21.0,22.61,474.81,33.38,700.98,226.17,1
2025-11-28,2025.0,Florería Central,Lirios,43.0,17.54,754.22,24.97,1073.71,319.49,1
2025-07-28,2025.0,Florería Central,Tulipanes,33.0,23.52,776.16,38.64,1275.12,498.96,1
2024-07-08,2024.0,Florería Central,Rosas,30.0,20.6,618.0,34.86,1045.8,427.8,0
2024-05-04,2024.0,Jardín Express,Girasoles,4.0,12.74,50.96,19.23,76.92,25.96,0
2024-05-29,2024.0,Portal de las Flores,Lirios,18.0,15.86,285.48,24.04,432.72,147.24,1
2024-11-09,2024.0,Florería Central,Rosas,30.0,17.73,531.9,31.71,951.3,419.4,0
2025-07-23,2025.0,Portal de las Flores,Tulipanes,18.0,25.71,462.78,42.48,764.64,301.86,1
2024-12-07,2024.0,Florería Central,Tulipanes,27.0,24.14,651.78,32.28,871.56,219.78,1
2024-10-31,2024.0,Jardín Express,Rosas,2.0,16.85,33.7,27.44,54.88,21.18,0
2025-11-22,2025.0,Portal de las Flores,Tulipanes,19.0,24.75,470.25,33.13,629.47,159.22,1
2025-11-12,2025.0,Florería Central,Lirios,34.0,18.0,612.0,27.52,935.68,323.68,1
2024-02-23,2024.0,Jardín Express,Girasoles,5.0,13.02,65.1,17.02,85.1,20.0,0
2025-03-19,2025.0,Jardín Express,Rosas,3.0,18.93,56.79,30.13,90.39,33.6,0
2025-09-04,2025.0,Jardín Express,Rosas,14.0,18.53,259.42,32.11,449.54,190.12,0
2024-09-20,2024.0,Florería Central,Rosas,52.0,16.45,855.4,29.11,1513.72,658.32,0
2024-02-22,2024.0,Florería Central,Tulipanes,27.0,24.63,665.01,40.65,1097.55,432.54,1
2025-07-25,2025.0,Florería Central,Rosas,23.0,20.36,468.28,31.99,735.77,267.49,0
2025-09-11,2025.0,Jardín Express,Lirios,12.0,16.49,197.88,28.36,340.32,142.44,1
2024-01-05,2024.0,Portal de las Flores,Rosas,30.0,17.07,512.1,29.79,893.7,381.6,0
2024-04-12,2024.0,Florería Central,Lirios,34.0,16.66,566.44,23.81,809.54,243.1,1
2024-07-14,2024.0,Florería Central,Orquídeas,37.0,47.3,1750.1,78.07,2888.59,1138.49,2
2024-12-15,2024.0,Florería Central,Rosas,22.0,16.38,360.36,28.48,626.56,266.2,0
2024-02-16,2024.0,EcoFlores Norte,Lirios,17.0,14.53,247.01,19.45,330.65,83.64,1
2025-10-17,2025.0,Portal de las Flores,Girasoles,18.0,13.83,248.94,23.05,414.9,165.96,1
2024-09-25,2024.0,Portal de las Flores,Rosas,16.0,20.44,327.04,35.14,562.24,235.2,0
2025-01-04,2025.0,Portal de las Flores,Girasoles,21.0,13.97,293.37,20.14,422.94,129.57,1
2025-09-27,2025.0,EcoFlores Norte,Tulipanes,25.0,25.71,642.75,40.13,1003.25,360.5,1
2024-04-15,2024.0,Jardín Express,Girasoles,10.0,13.7,137.0,19.22,192.2,55.2,0
2025-10-31,2025.0,Jardín Express,Girasoles,5.0,15.66,78.3,25.58,127.9,49.6,0
2025-10-20,2025.0,EcoFlores Norte,Lirios,11.0,16.55,182.05,28.75,316.25,134.2,1
2025-10-18,2025.0,Jardín Express,Girasoles,3.0,14.63,43.89,25.87,77.61,33.72,0
2024-04-29,2024.0,EcoFlores Norte,Tulipanes,7.0,24.0,168.0,40.62,284.34,116.34,1
2025-08-26,2025.0,Portal de las Flores,Rosas,22.0,17.5,385.0,26.86,590.92,205.92,0
2024-02-27,2024.0,EcoFlores Norte,Lirios,11.0,14.99,164.89,25.22,277.42,112.53,1
2024-12-11,2024.0,Portal de las Flores,Tulipanes,24.0,21.21,509.04,33.05,793.2,284.16,1
2025-04-18,2025.0,Florería Central,Tulipanes,33.0,25.18,830.94,43.83,1446.39,615.45,1
2024-04-26,2024.0,Florería Central,Orquídeas,45.0,38.36,1726.2,67.6,3042.0,1315.8,2
2024-05-06,2024.0,Jardín Express,Girasoles,7.0,14.15,99.05,20.92,146.44,47.39,0
2025-01-27,2025.0,Jardín Express,Rosas,8.0,16.47,131.76,28.08,224.64,92.88,0
2025-10-02,2025.0,Florería Central,Girasoles,36.0,13.39,482.04,20.79,748.44,266.4,1
2024-02-27,2024.0,Jardín Express,Rosas,9.0,15.72,141.48,26.95,242.55,101.07,0
2025-09-25,2025.0,Jardín Express,Rosas,7.0,19.94,139.58,32.67,228.69,89.11,0
2025-05-27,2025.0,Florería Central,Girasoles,16.0,11.96,191.36,17.32,277.12,85.76,1
2024-04-05,2024.0,Jardín Express,Girasoles,4.0,12.65,50.6,20.83,83.32,32.72,0
2025-09-29,2025.0,Jardín Express,Tulipanes,12.0,26.61,319.32,41.67,500.04,180.72,1
2024-04-27,2024.0,EcoFlores Norte,Tulipanes,15.0,21.56,323.4,28.93,433.95,110.55,1
2025-08-23,2025.0,Jardín Express,Rosas,9.0,18.1,162.9,29.03,261.27,98.37,0
2025-05-02,2025.0,Portal de las Flores,Girasoles,27.0,14.3,386.1,25.64,692.28,306.18,1
2024-08-24,2024.0,Florería Central,Orquídeas,28.0,44.04,1233.12,69.16,1936.48,703.36,2
2024-09-28,2024.0,Portal de las Flores,Tulipanes,20.0,23.37,467.4,40.55,811.0,343.6,1
2024-07-07,2024.0,Portal de las Flores,Lirios,12.0,17.17,206.04,23.31,279.72,73.68,1
2025-12-04,2025.0,Florería Central,Orquídeas,34.0,51.49,1750.66,80.13,2724.42,973.76,2
2025-03-22,2025.0,Florería Central,Girasoles,40.0,15.66,626.4,21.96,878.4,252.0,1
2025-08-03,2025.0,Florería Central,Lirios,39.0,18.82,733.98,30.8,1201.2,467.22,1
2024-09-03,2024.0,Jardín Express,Girasoles,12.0,14.54,174.48,23.91,286.92,112.44,0
2024-03-16,2024.0,EcoFlores Norte,Lirios,22.0,18.29,402.38,28.03,616.66,214.28,1
2024-06-02,2024.0,Portal de las Flores,Rosas,26.0,17.92,465.92,26.29,683.54,217.62,0
2025-10-17,2025.0,Florería Central,Orquídeas,45.0,43.71,1966.95,67.41,3033.45,1066.5,2
2025-03-10,2025.0,Jardín Express,Rosas,8.0,17.39,139.12,29.59,236.72,97.6,0
2024-03-26,2024.0,Jardín Express,Rosas,3.0,19.31,57.93,33.29,99.87,41.94,0
2025-11-27,2025.0,EcoFlores Norte,Girasoles,17.0,12.21,207.57,18.17,308.89,101.32,1
2024-10-11,2024.0,Florería Central,Lirios,34.0,14.81,503.54,24.65,838.1,334.56,1
2024-08-07,2024.0,EcoFlores Norte,Rosas,15.0,17.3,259.5,26.51,397.65,138.15,0
2024-03-09,2024.0,EcoFlores Norte,Rosas,20.0,17.35,347.0,29.77,595.4,248.4,0
2024-02-16,2024.0,EcoFlores Norte,Tulipanes,16.0,20.44,327.04,34.79,556.64,229.6,1
2024-04-03,2024.0,Florería Central,Rosas,35.0,17.6,616.0,27.7,969.5,353.5,0
2025-03-28,2025.0,EcoFlores Norte,Lirios,15.0,18.55,278.25,28.92,433.8,155.55,1
2024-07-22,2024.0,Florería Central,Rosas,40.0,17.39,695.6,28.37,1134.8,439.2,0
2024-08-05,2024.0,Jardín Express,Girasoles,5.0,15.05,75.25,26.4,132.0,56.75,0
2025-04-18,2025.0,Jardín Express,Girasoles,12.0,15.48,185.76,24.32,291.84,106.08,0
2025-03-07,2025.0,Portal de las Flores,Tulipanes,17.0,22.61,384.37,34.08,579.36,194.99,1
2024-12-06,2024.0,Jardín Express,Rosas,6.0,16.6,99.6,23.36,140.16,40.56,0
2025-07-04,2025.0,Portal de las Flores,Orquídeas,13.0,48.03,624.39,80.35,1044.55,420.16,2
2025-09-03,2025.0,EcoFlores Norte,Rosas,13.0,19.74,256.62,32.17,418.21,161.59,0
2024-10-15,2024.0,EcoFlores Norte,Tulipanes,25.0,24.36,609.0,38.16,954.0,345.0,1
2024-09-10,2024.0,Jardín Express,Lirios,3.0,15.82,47.46,22.08,66.24,18.78,1
2024-12-22,2024.0,Portal de las Flores,Lirios,26.0,17.79,462.54,30.45,791.7,329.16,1
2024-01-23,2024.0,Portal de las Flores,Lirios,23.0,18.33,421.59,25.55,587.65,166.06,1
2025-06-05,2025.0,EcoFlores Norte,Lirios,21.0,18.26,383.46,25.11,527.31,143.85,1
2024-04-09,2024.0,EcoFlores Norte,Rosas,16.0,18.31,292.96,24.16,386.56,93.6,0
2024-06-28,2024.0,Portal de las Flores,Rosas,22.0,20.15,443.3,35.14,773.08,329.78,0
2024-08-10,2024.0,EcoFlores Norte,Lirios,27.0,14.93,403.11,24.99,674.73,271.62,1
2025-10-20,2025.0,Florería Central,Orquídeas,29.0,39.16,1135.64,52.77,1530.33,394.69,2
2025-03-17,2025.0,EcoFlores Norte,Lirios,30.0,16.0,480.0,23.34,700.2,220.2,1
2025-08-30,2025.0,Jardín Express,Rosas,4.0,17.25,69.0,29.18,116.72,47.72,0
2024-11-20,2024.0,Jardín Express,Rosas,7.0,15.39,107.73,20.14,140.98,33.25,0
2025-05-30,2025.0,EcoFlores Norte,Girasoles,15.0,15.1,226.5,19.92,298.8,72.3,1
2024-01-16,2024.0,Jardín Express,Girasoles,2.0,13.54,27.08,18.07,36.14,9.06,0
2024-12-01,2024.0,Florería Central,Orquídeas,22.0,44.22,972.84,73.13,1608.86,636.02,2
2024-09-14,2024.0,Jardín Express,Girasoles,11.0,13.49,148.39,20.04,220.44,72.05,0
2025-05-11,2025.0,EcoFlores Norte,Tulipanes,18.0,21.92,394.56,39.41,709.38,314.82,1
2024-06-08,2024.0,EcoFlores Norte,Tulipanes,17.0,27.17,461.89,42.17,716.89,255.0,1
2025-04-19,2025.0,EcoFlores Norte,Tulipanes,23.0,25.26,580.98,41.4,952.2,371.22,1
2025-10-25,2025.0,Portal de las Flores,Girasoles,20.0,14.8,296.0,24.4,488.0,192.0,1
2025-11-20,2025.0,Florería Central,Rosas,24.0,18.3,439.2,30.63,735.12,295.92,0
2025-11-05,2025.0,Jardín Express,Girasoles,9.0,13.81,124.29,22.56,203.04,78.75,0
2025-01-14,2025.0,Florería Central,Lirios,27.0,14.76,398.52,24.25,654.75,256.23,1
2025-06-28,2025.0,Florería Central,Orquídeas,41.0,49.09,2012.69,87.4,3583.4,1570.71,2
2025-11-21,2025.0,Jardín Express,Girasoles,9.0,15.9,143.1,27.68,249.12,106.02,0
2025-03-02,2025.0,Portal de las Flores,Lirios,22.0,14.85,326.7,24.8,545.6,218.9,1
2025-09-04,2025.0,EcoFlores Norte,Tulipanes,23.0,20.77,477.71,27.33,628.59,150.88,1
2024-09-24,2024.0,EcoFlores Norte,Tulipanes,19.0,22.17,421.23,36.48,693.12,271.89,1
2025-07-30,2025.0,Jardín Express,Rosas,10.0,19.96,199.6,34.79,347.9,148.3,0
2025-02-20,2025.0,EcoFlores Norte,Tulipanes,19.0,21.3,404.7,29.83,566.77,162.07,1
2024-06-16,2024.0,Florería Central,Orquídeas,36.0,46.66,1679.76,83.37,3001.32,1321.56,2
2024-02-12,2024.0,EcoFlores Norte,Lirios,15.0,16.22,243.3,24.62,369.3,126.0,1
2025-07-09,2025.0,EcoFlores Norte,Lirios,19.0,18.8,357.2,33.26,631.94,274.74,1
2024-10-11,2024.0,Jardín Express,Girasoles,6.0,12.61,75.66,19.39,116.34,40.68,0
2025-01-31,2025.0,Portal de las Flores,Tulipanes,28.0,20.94,586.32,31.81,890.68,304.36,1
2024-01-12,2024.0,EcoFlores Norte,Lirios,9.0,18.52,166.68,27.1,243.9,77.22,1
2025-08-29,2025.0,EcoFlores Norte,Tulipanes,15.0,20.55,308.25,35.21,528.15,219.9,1
2024-10-28,2024.0,EcoFlores Norte,Tulipanes,15.0,21.92,328.8,37.36,560.4,231.6,1
2024-09-09,2024.0,Jardín Express,Girasoles,8.0,12.22,97.76,21.91,175.28,77.52,0
2025-05-13,2025.0,EcoFlores Norte,Rosas,8.0,18.34,146.72,31.21,249.68,102.96,0
2024-02-04,2024.0,Florería Central,Orquídeas,33.0,48.79,1610.07,70.83,2337.39,727.32,2
2025-12-27,2025.0,EcoFlores Norte,Girasoles,17.0,12.25,208.25,18.74,318.58,110.33,1
2024-03-30,2024.0,Jardín Express,Rosas,2.0,19.16,38.32,27.61,55.22,16.9,0
2025-08-27,2025.0,Portal de las Flores,Rosas,16.0,18.26,292.16,32.79,524.64,232.48,0
2025-08-24,2025.0,Florería Central,Orquídeas,26.0,42.49,1104.74,66.67,1733.42,628.68,2
2025-02-21,2025.0,Jardín Express,Girasoles,8.0,13.88,111.04,22.6,180.8,69.76,0
2024-04-24,2024.0,EcoFlores Norte,Tulipanes,16.0,26.44,423.04,39.15,626.4,203.36,1
2025-09-08,2025.0,Jardín Express,Girasoles,9.0,13.65,122.85,21.25,191.25,68.4,0
2024-07-14,2024.0,EcoFlores Norte,Rosas,14.0,20.44,286.16,28.37,397.18,111.02,0
2025-05-15,2025.0,Jardín Express,Girasoles,11.0,13.59,149.49,24.26,266.86,117.37,0
2025-09-17,2025.0,EcoFlores Norte,Tulipanes,18.0,25.16,452.88,34.48,620.64,167.76,1
2025-05-07,2025.0,Portal de las Flores,Orquídeas,21.0,44.88,942.48,67.47,1416.87,474.39,2
2024-03-15,2024.0,EcoFlores Norte,Tulipanes,16.0,27.08,433.28,48.34,773.44,340.16,1
2025-02-16,2025.0,EcoFlores Norte,Tulipanes,14.0,27.16,380.24,47.45,664.3,284.06,1
2025-01-10,2025.0,EcoFlores Norte,Girasoles,22.0,15.45,339.9,26.23,577.06,237.16,1
2025-02-23,2025.0,Portal de las Flores,Orquídeas,13.0,41.2,535.6,71.57,930.41,394.81,2
2025-12-29,2025.0,Jardín Express,Girasoles,10.0,15.06,150.6,24.27,242.7,92.1,0
2024-10-03,2024.0,Portal de las Flores,Tulipanes,19.0,22.07,419.33,31.62,600.78,181.45,1
2025-11-06,2025.0,Florería Central,Girasoles,30.0,12.29,368.7,18.96,568.8,200.1,1
2025-01-28,2025.0,Portal de las Flores,Girasoles,16.0,15.72,251.52,24.12,385.92,134.4,1
2025-04-01,2025.0,Florería Central,Orquídeas,29.0,47.73,1384.17,76.73,2225.17,841.0,2
2024-07-10,2024.0,Portal de las Flores,Tulipanes,31.0,27.13,841.03,40.37,1251.47,410.44,1
2025-11-19,2025.0,Portal de las Flores,Tulipanes,20.0,21.63,432.6,28.45,569.0,136.4,1
2024-04-08,2024.0,Florería Central,Rosas,25.0,18.92,473.0,29.03,725.75,252.75,0
2025-07-01,2025.0,EcoFlores Norte,Tulipanes,21.0,20.76,435.96,27.35,574.35,138.39,1
2024-04-05,2024.0,Florería Central,Orquídeas,40.0,41.16,1646.4,60.42,2416.8,770.4,2
2025-10-25,2025.0,EcoFlores Norte,Lirios,21.0,15.02,315.42,24.09,505.89,190.47,1
2025-10-24,2025.0,EcoFlores Norte,Lirios,22.0,15.47,340.34,20.54,451.88,111.54,1
2024-07-08,2024.0,Jardín Express,Rosas,12.0,19.47,233.64,27.62,331.44,97.8,0
2024-02-06,2024.0,Florería Central,Orquídeas,23.0,48.37,1112.51,73.31,1686.13,573.62,2
2025-01-03,2025.0,EcoFlores Norte,Lirios,12.0,15.65,187.8,23.05,276.6,88.8,1
2025-11-25,2025.0,Florería Central,Girasoles,44.0,14.64,644.16,20.44,899.36,255.2,1
2025-06-08,2025.0,EcoFlores Norte,Lirios,26.0,19.28,501.28,33.59,873.34,372.06,1
2024-10-05,2024.0,EcoFlores Norte,Tulipanes,16.0,23.68,378.88,38.81,620.96,242.08,1
2024-08-04,2024.0,Florería Central,Orquídeas,40.0,46.66,1866.4,83.76,3350.4,1484.0,2
2024-09-29,2024.0,Portal de las Flores,Orquídeas,16.0,44.23,707.68,63.27,1012.32,304.64,2
2024-03-02,2024.0,Portal de las Flores,Rosas,18.0,20.35,366.3,28.34,510.12,143.82,0
2025-08-18,2025.0,EcoFlores Norte,Tulipanes,15.0,22.13,331.95,36.63,549.45,217.5,1
2025-12-29,2025.0,Jardín Express,Rosas,6.0,20.53,123.18,31.27,187.62,64.44,0
2024-12-07,2024.0,Portal de las Flores,Girasoles,18.0,14.68,264.24,24.6,442.8,178.56,1
2025-01-31,2025.0,EcoFlores Norte,Tulipanes,9.0,21.68,195.12,31.37,282.33,87.21,1
2025-11-29,2025.0,Jardín Express,Girasoles,9.0,13.63,122.67,20.46,184.14,61.47,0
2024-01-19,2024.0,Jardín Express,Rosas,4.0,19.39,77.56,28.07,112.28,34.72,0
2024-06-25,2024.0,EcoFlores Norte,Orquídeas,13.0,40.74,529.62,59.93,779.09,249.47,2
2025-09-03,2025.0,Florería Central,Orquídeas,30.0,49.35,1480.5,68.43,2052.9,572.4,2
2025-01-30,2025.0,Florería Central,Orquídeas,34.0,42.3,1438.2,67.6,2298.4,860.2,2
2025-03-20,2025.0,Portal de las Flores,Rosas,8.0,16.19,129.52,21.99,175.92,46.4,0
2024-08-20,2024.0,Florería Central,Girasoles,35.0,12.34,431.9,21.43,750.05,318.15,1
2024-03-16,2024.0,EcoFlores Norte,Orquídeas,16.0,50.38,806.08,75.56,1208.96,402.88,2
2024-09-21,2024.0,Florería Central,Lirios,33.0,18.43,608.19,24.87,820.71,212.52,1
2025-03-30,2025.0,Florería Central,Orquídeas,32.0,39.85,1275.2,71.34,2282.88,1007.68,2
2025-12-18,2025.0,Florería Central,Tulipanes,36.0,25.44,915.84,40.92,1473.12,557.28,1
2025-01-18,2025.0,Jardín Express,Girasoles,8.0,12.33,98.64,17.09,136.72,38.08,0
2025-07-17,2025.0,Jardín Express,Girasoles,3.0,13.68,41.04,23.21,69.63,28.59,0
2025-05-20,2025.0,Jardín Express,Lirios,9.0,16.65,149.85,24.54,220.86,71.01,1
2025-01-01,2025.0,Jardín Express,Rosas,8.0,16.48,131.84,29.58,236.64,104.8,0
2024-05-23,2024.0,Florería Central,Tulipanes,31.0,24.56,761.36,36.34,1126.54,365.18,1
2024-03-09,2024.0,Florería Central,Orquídeas,31.0,38.95,1207.45,61.49,1906.19,698.74,2
2024-04-08,2024.0,Florería Central,Rosas,38.0,17.82,677.16,27.46,1043.48,366.32,0
2025-01-30,2025.0,Portal de las Flores,Girasoles,16.0,15.3,244.8,26.19,419.04,174.24,1
2024-01-25,2024.0,Jardín Express,Girasoles,4.0,13.06,52.24,18.31,73.24,21.0,0
2025-04-13,2025.0,EcoFlores Norte,Rosas,18.0,18.17,327.06,23.92,430.56,103.5,0
2025-04-28,2025.0,Florería Central,Girasoles,38.0,12.95,492.1,21.07,800.66,308.56,1
2025-07-18,2025.0,Portal de las Flores,Tulipanes,23.0,26.48,609.04,37.39,859.97,250.93,1
2024-05-30,2024.0,EcoFlores Norte,Rosas,16.0,18.61,297.76,32.93,526.88,229.12,0
2024-05-23,2024.0,EcoFlores Norte,Orquídeas,11.0,47.45,521.95,83.99,923.89,401.94,2
2025-07-22,2025.0,EcoFlores Norte,Lirios,21.0,17.57,368.97,26.12,548.52,179.55,1
2024-02-08,2024.0,Jardín Express,Lirios,12.0,17.16,205.92,26.92,323.04,117.12,1
2024-04-18,2024.0,Florería Central,Rosas,32.0,17.43,557.76,24.24,775.68,217.92,0
2025-11-23,2025.0,Jardín Express,Rosas,8.0,19.13,153.04,25.78,206.24,53.2,0
2024-02-11,2024.0,EcoFlores Norte,Tulipanes,10.0,25.67,256.7,45.67,456.7,200.0,1
2024-07-04,2024.0,Florería Central,Orquídeas,34.0,43.37,1474.58,63.25,2150.5,675.92,2
2025-02-01,2025.0,EcoFlores Norte,Tulipanes,14.0,25.82,361.48,40.43,566.02,204.54,1
2024-08-10,2024.0,Florería Central,Orquídeas,25.0,50.31,1257.75,81.96,2049.0,791.25,2
2025-09-25,2025.0,Portal de las Flores,Tulipanes,7.0,22.11,154.77,29.93,209.51,54.74,1
2024-05-12,2024.0,Florería Central,Lirios,40.0,16.92,676.8,26.35,1054.0,377.2,1
2024-06-11,2024.0,Florería Central,Lirios,31.0,15.55,482.05,27.09,839.79,357.74,1
2024-08-02,2024.0,Jardín Express,Rosas,7.0,19.23,134.61,28.32,198.24,63.63,0
2024-08-22,2024.0,Portal de las Flores,Girasoles,22.0,15.88,349.36,23.82,524.04,174.68,1
2025-10-19,2025.0,EcoFlores Norte,Girasoles,25.0,16.09,402.25,22.45,561.25,159.0,1
2025-08-10,2025.0,Portal de las Flores,Rosas,18.0,17.63,317.34,25.6,460.8,143.46,0
2024-01-09,2024.0,Florería Central,Tulipanes,24.0,22.61,542.64,35.57,853.68,311.04,1
2024-03-14,2024.0,Portal de las Flores,Rosas,23.0,16.17,371.91,22.4,515.2,143.29,0
2025-05-06,2025.0,EcoFlores Norte,Tulipanes,21.0,25.37,532.77,37.3,783.3,250.53,1
2024-09-09,2024.0,Jardín Express,Rosas,10.0,18.87,188.7,30.22,302.2,113.5,0
2024-08-17,2024.0,Portal de las Flores,Tulipanes,17.0,26.65,453.05,46.99,798.83,345.78,1
2025-06-02,2025.0,Portal de las Flores,Tulipanes,16.0,20.76,332.16,27.4,438.4,106.24,1
2024-06-22,2024.0,Florería Central,Rosas,38.0,20.41,775.58,34.51,1311.38,535.8,0
2025-10-14,2025.0,Jardín Express,Rosas,10.0,15.52,155.2,24.74,247.4,92.2,0
2024-06-16,2024.0,Florería Central,Orquídeas,54.0,48.39,2613.06,66.1,3569.4,956.34,2
2024-06-18,2024.0,Jardín Express,Girasoles,11.0,12.11,133.21,18.32,201.52,68.31,0
2025-01-27,2025.0,Portal de las Flores,Girasoles,16.0,12.85,205.6,21.96,351.36,145.76,1
2025-09-25,2025.0,Florería Central,Rosas,40.0,16.34,653.6,21.66,866.4,212.8,0
2024-07-12,2024.0,Jardín Express,Girasoles,1.0,13.3,13.3,19.91,19.91,6.61,0
2025-05-31,2025.0,Portal de las Flores,Orquídeas,17.0,40.43,687.31,64.12,1090.04,402.73,2
2024-01-29,2024.0,EcoFlores Norte,Tulipanes,18.0,25.68,462.24,37.83,680.94,218.7,1
2024-06-13,2024.0,Portal de las Flores,Tulipanes,25.0,20.81,520.25,27.41,685.25,165.0,1
2025-02-25,2025.0,Florería Central,Girasoles,30.0,16.0,480.0,23.56,706.8,226.8,1
2024-12-04,2024.0,EcoFlores Norte,Lirios,21.0,15.97,335.37,22.6,474.6,139.23,1
2025-10-09,2025.0,Jardín Express,Girasoles,8.0,12.49,99.92,19.64,157.12,57.2,0
2025-05-10,2025.0,Portal de las Flores,Tulipanes,22.0,20.73,456.06,33.75,742.5,286.44,1
2024-12-30,2024.0,Jardín Express,Rosas,4.0,15.74,62.96,28.27,113.08,50.12,0
2024-12-07,2024.0,Portal de las Flores,Orquídeas,25.0,51.44,1286.0,87.29,2182.25,896.25,2
2025-05-14,2025.0,EcoFlores Norte,Lirios,29.0,19.47,564.63,32.79,950.91,386.28,1
2025-10-18,2025.0,Jardín Express,Tulipanes,8.0,23.48,187.84,34.4,275.2,87.36,1
2025-05-25,2025.0,Florería Central,Orquídeas,34.0,44.05,1497.7,63.41,2155.94,658.24,2
2024-11-22,2024.0,Jardín Express,Girasoles,8.0,15.17,121.36,19.84,158.72,37.36,0
2024-08-04,2024.0,Portal de las Flores,Orquídeas,23.0,41.67,958.41,72.2,1660.6,702.19,2
2024-10-27,2024.0,EcoFlores Norte,Rosas,14.0,16.85,235.9,22.69,317.66,81.76,0
2024-05-11,2024.0,Jardín Express,Girasoles,11.0,14.4,158.4,23.06,253.66,95.26,0
2024-03-10,2024.0,EcoFlores Norte,Rosas,12.0,15.31,183.72,22.8,273.6,89.88,0
2024-09-08,2024.0,EcoFlores Norte,Lirios,21.0,15.64,328.44,25.22,529.62,201.18,1
2025-02-18,2025.0,Florería Central,Orquídeas,26.0,41.64,1082.64,67.67,1759.42,676.78,2
2025-03-20,2025.0,Florería Central,Orquídeas,28.0,44.71,1251.88,78.89,2208.92,957.04,2
2024-06-30,2024.0,EcoFlores Norte,Rosas,24.0,15.45,370.8,24.9,597.6,226.8,0
2024-06-15,2024.0,Florería Central,Tulipanes,35.0,23.47,821.45,36.94,1292.9,471.45,1
2024-03-31,2024.0,EcoFlores Norte,Tulipanes,16.0,24.96,399.36,42.5,680.0,280.64,1
2025-06-14,2025.0,Florería Central,Rosas,45.0,15.79,710.55,25.27,1137.15,426.6,0
2024-02-08,2024.0,Portal de las Flores,Tulipanes,18.0,21.43,385.74,35.52,639.36,253.62,1
2024-05-05,2024.0,EcoFlores Norte,Lirios,21.0,18.45,387.45,33.16,696.36,308.91,1
2025-03-26,2025.0,EcoFlores Norte,Lirios,23.0,19.27,443.21,27.9,641.7,198.49,1
2024-06-21,2024.0,EcoFlores Norte,Lirios,23.0,14.87,342.01,26.2,602.6,260.59,1
2025-10-14,2025.0,Florería Central,Orquídeas,33.0,48.09,1586.97,70.3,2319.9,732.93,2
2024-08-07,2024.0,Florería Central,Orquídeas,35.0,39.97,1398.95,54.48,1906.8,507.85,2
2025-09-29,2025.0,Jardín Express,Rosas,5.0,17.47,87.35,29.08,145.4,58.05,0
2024-02-27,2024.0,Jardín Express,Rosas,8.0,20.11,160.88,26.28,210.24,49.36,0
2025-10-21,2025.0,Jardín Express,Rosas,11.0,20.47,225.17,32.4,356.4,131.23,0
2025-04-20,2025.0,Florería Central,Orquídeas,36.0,49.22,1771.92,73.44,2643.84,871.92,2
2025-03-31,2025.0,Portal de las Flores,Lirios,17.0,15.15,257.55,20.31,345.27,87.72,1
2024-12-26,2024.0,Jardín Express,Lirios,1.0,16.71,16.71,26.17,26.17,9.46,1
2024-01-01,2024.0,Portal de las Flores,Girasoles,19.0,13.24,251.56,20.37,387.03,135.47,1
2024-12-13,2024.0,Florería Central,Orquídeas,45.0,47.25,2126.25,64.25,2891.25,765.0,2
2024-07-08,2024.0,EcoFlores Norte,Lirios,14.0,18.29,256.06,31.76,444.64,188.58,1
2025-05-19,2025.0,Portal de las Flores,Girasoles,24.0,12.68,304.32,16.65,399.6,95.28,1
2024-07-09,2024.0,Portal de las Flores,Orquídeas,28.0,44.23,1238.44,71.15,1992.2,753.76,2
2025-05-22,2025.0,Portal de las Flores,Girasoles,18.0,15.95,287.1,21.6,388.8,101.7,1
2025-01-03,2025.0,Portal de las Flores,Girasoles,18.0,13.07,235.26,22.03,396.54,161.28,1
2025-02-12,2025.0,EcoFlores Norte,Rosas,18.0,18.24,328.32,25.84,465.12,136.8,0
2024-04-26,2024.0,Portal de las Flores,Tulipanes,14.0,26.3,368.2,34.74,486.36,118.16,1
2024-05-13,2024.0,Jardín Express,Rosas,12.0,18.83,225.96,25.93,311.16,85.2,0
2024-02-27,2024.0,Jardín Express,Girasoles,3.0,14.35,43.05,23.89,71.67,28.62,0
2025-07-09,2025.0,EcoFlores Norte,Rosas,23.0,17.12,393.76,30.32,697.36,303.6,0
2025-11-15,2025.0,Florería Central,Rosas,40.0,17.01,680.4,22.6,904.0,223.6,0
2025-11-02,2025.0,Florería Central,Orquídeas,40.0,47.38,1895.2,68.87,2754.8,859.6,2
2024-06-21,2024.0,EcoFlores Norte,Lirios,18.0,15.73,283.14,21.4,385.2,102.06,1
2024-05-28,2024.0,EcoFlores Norte,Girasoles,23.0,13.86,318.78,18.55,426.65,107.87,1
2024-03-20,2024.0,Portal de las Flores,Girasoles,16.0,14.66,234.56,26.37,421.92,187.36,1
2024-07-31,2024.0,EcoFlores Norte,Rosas,19.0,15.3,290.7,24.59,467.21,176.51,0
2024-07-21,2024.0,Florería Central,Orquídeas,34.0,47.0,1598.0,62.54,2126.36,528.36,2
2024-08-16,2024.0,Jardín Express,Tulipanes,6.0,21.82,130.92,30.34,182.04,51.12,1
2025-11-06,2025.0,Florería Central,Orquídeas,38.0,46.1,1751.8,69.18,2628.84,877.04,2
2024-08-14,2024.0,EcoFlores Norte,Tulipanes,20.0,20.67,413.4,33.28,665.6,252.2,1
2025-10-20,2025.0,Portal de las Flores,Tulipanes,14.0,21.95,307.3,29.0,406.0,98.7,1
2025-06-15,2025.0,Portal de las Flores,Rosas,14.0,18.16,254.24,29.77,416.78,162.54,0
2025-03-16,2025.0,EcoFlores Norte,Lirios,12.0,16.47,197.64,23.85,286.2,88.56,1
2025-02-05,2025.0,EcoFlores Norte,Girasoles,16.0,14.48,231.68,22.62,361.92,130.24,1
2024-02-16,2024.0,Portal de las Flores,Tulipanes,25.0,23.78,594.5,36.89,922.25,327.75,1
2024-08-20,2024.0,Portal de las Flores,Girasoles,11.0,12.72,139.92,20.85,229.35,89.43,1
2024-10-31,2024.0,Jardín Express,Girasoles,4.0,15.98,63.92,22.19,88.76,24.84,0
2025-06-09,2025.0,Portal de las Flores,Orquídeas,19.0,45.22,859.18,71.91,1366.29,507.11,2
2024-05-22,2024.0,Florería Central,Rosas,31.0,20.13,624.03,27.67,857.77,233.74,0
2025-02-18,2025.0,EcoFlores Norte,Lirios,14.0,16.69,233.66,27.07,378.98,145.32,1
2025-05-27,2025.0,Florería Central,Rosas,31.0,15.99,495.69,22.3,691.3,195.61,0
2025-01-07,2025.0,Portal de las Flores,Orquídeas,22.0,49.53,1089.66,69.26,1523.72,434.06,2
2025-07-19,2025.0,Jardín Express,Girasoles,8.0,14.37,114.96,21.22,169.76,54.8,0
2024-09-15,2024.0,Florería Central,Rosas,15.0,15.38,230.7,21.9,328.5,97.8,0
2025-10-17,2025.0,Jardín Express,Girasoles,3.0,14.44,43.32,20.36,61.08,17.76,0
2025-04-15,2025.0,Jardín Express,Tulipanes,9.0,22.44,201.96,38.57,347.13,145.17,1
2024-01-12,2024.0,Jardín Express,Girasoles,9.0,12.24,110.16,18.62,167.58,57.42,0
2024-11-25,2024.0,Jardín Express,Rosas,5.0,18.53,92.65,27.66,138.3,45.65,0
2024-12-23,2024.0,Portal de las Flores,Lirios,24.0,19.31,463.44,33.63,807.12,343.68,1
2025-02-11,2025.0,EcoFlores Norte,Lirios,18.0,14.77,265.86,19.73,355.14,89.28,1
2025-10-29,2025.0,Jardín Express,Girasoles,4.0,16.08,64.32,22.53,90.12,25.8,0
2025-01-07,2025.0,Portal de las Flores,Lirios,23.0,19.05,438.15,29.76,684.48,246.33,1
2024-01-08,2024.0,EcoFlores Norte,Rosas,20.0,20.41,408.2,35.13,702.6,294.4,0
2024-05-01,2024.0,EcoFlores Norte,Tulipanes,21.0,25.3,531.3,34.99,734.79,203.49,1
2024-12-13,2024.0,Jardín Express,Lirios,10.0,17.94,179.4,31.83,318.3,138.9,1
2025-11-06,2025.0,Portal de las Flores,Lirios,18.0,17.88,321.84,24.76,445.68,123.84,1
2024-03-30,2024.0,EcoFlores Norte,Girasoles,15.0,13.63,204.45,21.06,315.9,111.45,1
2025-10-09,2025.0,EcoFlores Norte,Orquídeas,16.0,51.6,825.6,68.15,1090.4,264.8,2
2025-11-28,2025.0,Portal de las Flores,Lirios,20.0,15.66,313.2,21.12,422.4,109.2,1
2024-11-11,2024.0,Portal de las Flores,Tulipanes,23.0,24.34,559.82,37.42,860.66,300.84,1
2024-06-26,2024.0,Jardín Express,Girasoles,11.0,13.74,151.14,22.17,243.87,92.73,0
2025-06-23,2025.0,Jardín Express,Girasoles,8.0,12.84,102.72,19.26,154.08,51.36,0
2024-02-10,2024.0,Jardín Express,Girasoles,8.0,14.47,115.76,18.93,151.44,35.68,0
2025-12-04,2025.0,Jardín Express,Rosas,6.0,18.42,110.52,31.61,189.66,79.14,0
2025-05-16,2025.0,Jardín Express,Rosas,12.0,16.28,195.36,28.96,347.52,152.16,0
2024-05-24,2024.0,Jardín Express,Rosas,11.0,17.47,192.17,27.25,299.75,107.58,0
2024-07-19,2024.0,Portal de las Flores,Orquídeas,6.0,47.37,284.22,70.96,425.76,141.54,2
2025-12-24,2025.0,Portal de las Flores,Orquídeas,23.0,44.11,1014.53,60.16,1383.68,369.15,2
2025-04-05,2025.0,Florería Central,Tulipanes,48.0,22.96,1102.08,37.53,1801.44,699.36,1
2025-07-11,2025.0,Jardín Express,Girasoles,9.0,13.37,120.33,19.01,171.09,50.76,0
2025-06-30,2025.0,Florería Central,Orquídeas,36.0,45.72,1645.92,72.47,2608.92,963.0,2
2024-09-09,2024.0,Portal de las Flores,Girasoles,16.0,13.89,222.24,18.36,293.76,71.52,1
2025-01-24,2025.0,Jardín Express,Rosas,10.0,19.05,190.5,30.17,301.7,111.2,0
2025-08-16,2025.0,Jardín Express,Rosas,4.0,17.68,70.72,25.79,103.16,32.44,0
2024-09-12,2024.0,Portal de las Flores,Lirios,20.0,14.76,295.2,24.31,486.2,191.0,1
2025-03-25,2025.0,Portal de las Flores,Lirios,9.0,16.08,144.72,21.75,195.75,51.03,1
2024-01-10,2024.0,Jardín Express,Rosas,5.0,18.68,93.4,29.43,147.15,53.75,0
2024-08-29,2024.0,Florería Central,Rosas,34.0,16.67,566.78,27.02,918.68,351.9,0
2024-09-07,2024.0,Florería Central,Rosas,36.0,20.11,723.96,32.15,1157.4,433.44,0
2024-01-05,2024.0,Jardín Express,Girasoles,11.0,14.47,159.17,20.95,230.45,71.28,0
2024-04-28,2024.0,Florería Central,Orquídeas,30.0,40.93,1227.9,58.26,1747.8,519.9,2
2025-01-08,2025.0,Portal de las Flores,Rosas,15.0,18.3,274.5,29.17,437.55,163.05,0
2024-03-05,2024.0,Portal de las Flores,Rosas,20.0,16.46,329.2,23.73,474.6,145.4,0
2024-05-25,2024.0,EcoFlores Norte,Tulipanes,11.0,24.75,272.25,36.97,406.67,134.42,1
2024-08-11,2024.0,EcoFlores Norte,Orquídeas,17.0,45.87,779.79,74.84,1272.28,492.49,2
2024-08-26,2024.0,Portal de las Flores,Lirios,25.0,19.2,480.0,34.53,863.25,383.25,1
2024-06-25,2024.0,Portal de las Flores,Lirios,23.0,14.7,338.1,20.81,478.63,140.53,1
2024-10-08,2024.0,Florería Central,Rosas,32.0,15.31,489.92,26.82,858.24,368.32,0
2024-03-03,2024.0,Portal de las Flores,Lirios,17.0,16.27,276.59,28.57,485.69,209.1,1
2024-08-04,2024.0,Florería Central,Orquídeas,24.0,42.47,1019.28,63.93,1534.32,515.04,2
2025-11-19,2025.0,Jardín Express,Girasoles,3.0,15.62,46.86,21.49,64.47,17.61,0
2025-04-05,2025.0,Jardín Express,Lirios,3.0,16.46,49.38,22.47,67.41,18.03,1
2025-09-01,2025.0,Portal de las Flores,Rosas,23.0,16.42,377.66,25.49,586.27,208.61,0
2024-04-14,2024.0,Portal de las Flores,Girasoles,29.0,13.7,397.3,22.23,644.67,247.37,1
2024-04-08,2024.0,EcoFlores Norte,Girasoles,22.0,15.31,336.82,26.22,576.84,240.02,1
2025-05-25,2025.0,Jardín Express,Girasoles,8.0,15.67,125.36,27.0,216.0,90.64,0
2025-01-19,2025.0,Florería Central,Orquídeas,33.0,48.89,1613.37,85.64,2826.12,1212.75,2
2025-02-08,2025.0,Portal de las Flores,Girasoles,20.0,12.94,258.8,18.87,377.4,118.6,1
2025-06-01,2025.0,EcoFlores Norte,Tulipanes,21.0,26.67,560.07,45.14,947.94,387.87,1
2025-04-20,2025.0,EcoFlores Norte,Rosas,18.0,19.03,342.54,33.73,607.14,264.6,0
2025-12-09,2025.0,Florería Central,Girasoles,36.0,12.87,463.32,18.3,658.8,195.48,1
2025-10-06,2025.0,Portal de las Flores,Tulipanes,17.0,20.86,354.62,28.97,492.49,137.87,1
2025-03-12,2025.0,Florería Central,Rosas,33.0,18.88,623.04,31.64,1044.12,421.08,0
2024-01-23,2024.0,EcoFlores Norte,Lirios,19.0,15.93,302.67,26.95,512.05,209.38,1
2025-07-18,2025.0,Jardín Express,Rosas,11.0,18.96,208.56,27.04,297.44,88.88,0
2025-11-07,2025.0,Jardín Express,Girasoles,10.0,13.19,131.9,22.82,228.2,96.3,0
2025-12-14,2025.0,Florería Central,Orquídeas,32.0,40.52,1296.64,69.62,2227.84,931.2,2
2025-04-02,2025.0,Florería Central,Orquídeas,43.0,43.67,1877.81,69.39,2983.77,1105.96,2
2024-03-23,2024.0,Jardín Express,Girasoles,11.0,15.38,169.18,25.45,279.95,110.77,0
2024-03-25,2024.0,Florería Central,Lirios,31.0,15.16,469.96,24.35,754.85,284.89,1
2024-03-18,2024.0,Portal de las Flores,Tulipanes,15.0,20.74,311.1,36.93,553.95,242.85,1
2025-04-01,2025.0,Jardín Express,Girasoles,10.0,14.54,145.4,25.18,251.8,106.4,0
2024-01-01,2024.0,Portal de las Flores,Lirios,13.0,15.16,197.08,19.79,257.27,60.19,1
2024-02-20,2024.0,Florería Central,Tulipanes,24.0,21.61,518.64,33.09,794.16,275.52,1
2025-11-15,2025.0,Jardín Express,Girasoles,8.0,14.03,112.24,19.21,153.68,41.44,0
2025-03-21,2025.0,EcoFlores Norte,Tulipanes,11.0,26.05,286.55,36.41,400.51,113.96,1
2025-03-24,2025.0,EcoFlores Norte,Lirios,13.0,15.86,206.18,20.98,272.74,66.56,1
2025-05-02,2025.0,EcoFlores Norte,Tulipanes,20.0,22.71,454.2,36.29,725.8,271.6,1
2024-02-03,2024.0,Jardín Express,Girasoles,11.0,13.91,153.01,24.08,264.88,111.87,0
2024-12-13,2024.0,Portal de las Flores,Rosas,8.0,18.29,146.32,28.47,227.76,81.44,0
2024-04-04,2024.0,Portal de las Flores,Tulipanes,20.0,27.09,541.8,41.05,821.0,279.2,1
2024-03-12,2024.0,EcoFlores Norte,Tulipanes,16.0,22.14,354.24,29.59,473.44,119.2,1
2025-07-04,2025.0,Jardín Express,Girasoles,6.0,12.05,72.3,21.66,129.96,57.66,0
2024-06-02,2024.0,EcoFlores Norte,Tulipanes,19.0,25.8,490.2,37.08,704.52,214.32,1
2024-09-06,2024.0,Florería Central,Girasoles,30.0,13.77,413.1,22.55,676.5,263.4,1
2025-11-04,2025.0,Portal de las Flores,Rosas,26.0,19.95,518.7,34.57,898.82,380.12,0
2025-03-13,2025.0,Jardín Express,Rosas,6.0,19.66,117.96,28.71,172.26,54.3,0
2024-04-27,2024.0,Jardín Express,Girasoles,8.0,12.94,103.52,20.31,162.48,58.96,0
2024-11-01,2024.0,Portal de las Flores,Rosas,14.0,15.34,214.76,23.04,322.56,107.8,0
2024-09-24,2024.0,Jardín Express,Rosas,11.0,15.4,169.4,26.98,296.78,127.38,0
2024-02-23,2024.0,Jardín Express,Rosas,4.0,16.56,66.24,22.09,88.36,22.12,0
2024-08-23,2024.0,Jardín Express,Tulipanes,5.0,20.84,104.2,29.43,147.15,42.95,1
2025-01-23,2025.0,Portal de las Flores,Lirios,7.0,14.99,104.93,26.63,186.41,81.48,1
2025-02-04,2025.0,EcoFlores Norte,Lirios,17.0,19.52,331.84,28.45,483.65,151.81,1
2025-09-15,2025.0,Jardín Express,Rosas,6.0,18.73,112.38,25.51,153.06,40.68,0
2024-10-29,2024.0,EcoFlores Norte,Rosas,19.0,19.41,368.79,25.65,487.35,118.56,0
2024-08-16,2024.0,EcoFlores Norte,Tulipanes,15.0,21.23,318.45,36.48,547.2,228.75,1
2025-07-31,2025.0,EcoFlores Norte,Lirios,14.0,15.92,222.88,23.7,331.8,108.92,1
2024-03-15,2024.0,EcoFlores Norte,Lirios,13.0,16.72,217.36,26.69,346.97,129.61,1
2025-03-10,2025.0,Portal de las Flores,Tulipanes,18.0,26.37,474.66,42.91,772.38,297.72,1
2024-04-12,2024.0,Florería Central,Orquídeas,24.0,40.35,968.4,63.49,1523.76,555.36,2
2025-02-25,2025.0,Portal de las Flores,Girasoles,12.0,12.07,144.84,17.34,208.08,63.24,1
2024-11-01,2024.0,EcoFlores Norte,Rosas,20.0,16.06,321.2,27.01,540.2,219.0,0
2024-04-07,2024.0,Florería Central,Orquídeas,33.0,46.62,1538.46,71.74,2367.42,828.96,2
2024-11-30,2024.0,Florería Central,Girasoles,25.0,12.51,312.75,22.13,553.25,240.5,1
2025-03-10,2025.0,Jardín Express,Girasoles,9.0,15.37,138.33,25.33,227.97,89.64,0
2025-03-22,2025.0,Jardín Express,Rosas,4.0,18.73,74.92,27.68,110.72,35.8,0
2024-11-03,2024.0,Jardín Express,Girasoles,4.0,14.79,59.16,23.31,93.24,34.08,0
2024-09-05,2024.0,EcoFlores Norte,Rosas,14.0,16.92,236.88,27.43,384.02,147.14,0
2024-06-14,2024.0,EcoFlores Norte,Girasoles,14.0,14.11,197.54,23.7,331.8,134.26,1
2025-04-25,2025.0,EcoFlores Norte,Tulipanes,25.0,21.7,542.5,29.4,735.0,192.5,1
2024-11-30,2024.0,Jardín Express,Tulipanes,7.0,21.84,152.88,32.9,230.3,77.42,1
2025-06-25,2025.0,EcoFlores Norte,Orquídeas,16.0,46.48,743.68,66.02,1056.32,312.64,2
2024-04-15,2024.0,Portal de las Flores,Rosas,19.0,15.74,299.06,21.62,410.78,111.72,0
2025-07-16,2025.0,EcoFlores Norte,Tulipanes,20.0,23.26,465.2,33.09,661.8,196.6,1
2024-03-21,2024.0,EcoFlores Norte,Tulipanes,15.0,27.07,406.05,37.38,560.7,154.65,1
2024-05-12,2024.0,EcoFlores Norte,Girasoles,13.0,13.76,178.88,19.83,257.79,78.91,1
2024-05-17,2024.0,Portal de las Flores,Lirios,24.0,18.92,454.08,31.49,755.76,301.68,1
2024-07-02,2024.0,EcoFlores Norte,Lirios,12.0,18.33,219.96,26.93,323.16,103.2,1
2025-02-04,2025.0,Portal de las Flores,Girasoles,11.0,15.0,165.0,23.98,263.78,98.78,1
2024-11-25,2024.0,Jardín Express,Rosas,7.0,16.47,115.29,28.6,200.2,84.91,0
2025-05-22,2025.0,Portal de las Flores,Orquídeas,8.0,44.83,358.64,73.78,590.24,231.6,2
2024-03-09,2024.0,Portal de las Flores,Orquídeas,26.0,40.82,1061.32,71.79,1866.54,805.22,2
2025-06-29,2025.0,Jardín Express,Girasoles,9.0,15.1,135.9,25.76,231.84,95.94,0
2024-02-22,2024.0,Jardín Express,Girasoles,9.0,16.04,144.36,27.2,244.8,100.44,0
2025-03-25,2025.0,Portal de las Flores,Orquídeas,22.0,49.12,1080.64,84.61,1861.42,780.78,2
2024-07-23,2024.0,Portal de las Flores,Rosas,19.0,18.94,359.86,28.89,548.91,189.05,0
2024-05-05,2024.0,Florería Central,Orquídeas,30.0,46.61,1398.3,71.79,2153.7,755.4,2
2024-02-12,2024.0,Jardín Express,Girasoles,3.0,13.13,39.39,21.98,65.94,26.55,0
2024-04-20,2024.0,Florería Central,Girasoles,36.0,12.35,444.6,19.34,696.24,251.64,1
2025-10-24,2025.0,Portal de las Flores,Girasoles,27.0,13.16,355.32,23.44,632.88,277.56,1
2024-07-01,2024.0,Florería Central,Orquídeas,38.0,41.65,1582.7,63.45,2411.1,828.4,2
2024-04-04,2024.0,Portal de las Flores,Lirios,24.0,18.73,449.52,29.51,708.24,258.72,1
2025-06-03,2025.0,EcoFlores Norte,Lirios,18.0,16.19,291.42,26.3,473.4,181.98,1
2024-12-25,2024.0,Portal de las Flores,Lirios,22.0,19.03,418.66,25.87,569.14,150.48,1
2025-11-26,2025.0,EcoFlores Norte,Lirios,10.0,15.43,154.3,24.34,243.4,89.1,1
2024-10-07,2024.0,Jardín Express,Rosas,11.0,20.0,220.0,26.88,295.68,75.68,0
2024-07-13,2024.0,EcoFlores Norte,Tulipanes,12.0,26.36,316.32,44.02,528.24,211.92,1
2024-07-13,2024.0,Florería Central,Orquídeas,42.0,46.83,1966.86,65.48,2750.16,783.3,2
2025-10-28,2025.0,Florería Central,Orquídeas,40.0,47.76,1910.4,84.26,3370.4,1460.0,2
2024-04-02,2024.0,Florería Central,Orquídeas,39.0,51.12,1993.68,84.84,3308.76,1315.08,2
2025-11-02,2025.0,EcoFlores Norte,Rosas,18.0,19.74,355.32,26.66,479.88,124.56,0
2024-03-01,2024.0,Jardín Express,Rosas,5.0,18.18,90.9,28.76,143.8,52.9,0
2025-09-25,2025.0,EcoFlores Norte,Rosas,23.0,20.15,463.45,32.07,737.61,274.16,0
2024-02-20,2024.0,Jardín Express,Lirios,11.0,18.34,201.74,29.27,321.97,120.23,1
2025-02-06,2025.0,EcoFlores Norte,Tulipanes,15.0,22.19,332.85,33.37,500.55,167.7,1
2024-01-05,2024.0,Portal de las Flores,Girasoles,19.0,12.47,236.93,20.75,394.25,157.32,1
2025-04-10,2025.0,Florería Central,Orquídeas,50.0,44.16,2208.0,63.52,3176.0,968.0,2
2025-11-12,2025.0,Jardín Express,Girasoles,11.0,12.05,132.55,18.53,203.83,71.28,0
2025-06-17,2025.0,EcoFlores Norte,Lirios,13.0,14.66,190.58,19.42,252.46,61.88,1
2025-02-08,2025.0,Jardín Express,Girasoles,5.0,15.98,79.9,24.91,124.55,44.65,0
2025-05-27,2025.0,Florería Central,Tulipanes,34.0,23.69,805.46,36.43,1238.62,433.16,1
2025-10-06,2025.0,Portal de las Flores,Orquídeas,15.0,45.07,676.05,75.91,1138.65,462.6,2
2024-08-20,2024.0,EcoFlores Norte,Lirios,14.0,16.83,235.62,28.54,399.56,163.94,1
2025-06-07,2025.0,Florería Central,Rosas,34.0,19.86,675.24,28.42,966.28,291.04,0
2024-12-11,2024.0,Florería Central,Girasoles,30.0,14.49,434.7,25.07,752.1,317.4,1
2024-02-15,2024.0,Florería Central,Orquídeas,25.0,39.69,992.25,58.88,1472.0,479.75,2
2025-06-29,2025.0,Portal de las Flores,Orquídeas,13.0,51.66,671.58,89.59,1164.67,493.09,2
2024-03-18,2024.0,Portal de las Flores,Orquídeas,9.0,45.23,407.07,77.98,701.82,294.75,2
2025-12-30,2025.0,Portal de las Flores,Lirios,20.0,15.93,318.6,22.31,446.2,127.6,1
2024-03-13,2024.0,Jardín Express,Rosas,9.0,15.6,140.4,24.07,216.63,76.23,0
2024-09-05,2024.0,Florería Central,Orquídeas,33.0,40.47,1335.51,53.9,1778.7,443.19,2
2024-02-16,2024.0,Jardín Express,Rosas,8.0,18.08,144.64,24.4,195.2,50.56,0
2024-04-30,2024.0,Jardín Express,Girasoles,11.0,14.14,155.54,24.47,269.17,113.63,0
2024-08-01,2024.0,EcoFlores Norte,Rosas,20.0,18.41,368.2,25.09,501.8,133.6,0
2024-08-26,2024.0,EcoFlores Norte,Lirios,18.0,18.54,333.72,25.59,460.62,126.9,1
2024-02-25,2024.0,Florería Central,Orquídeas,37.0,40.02,1480.74,58.22,2154.14,673.4,2
2024-12-15,2024.0,Portal de las Flores,Orquídeas,24.0,47.38,1137.12,68.72,1649.28,512.16,2
2024-04-16,2024.0,EcoFlores Norte,Rosas,11.0,19.06,209.66,33.78,371.58,161.92,0
2024-02-17,2024.0,Jardín Express,Rosas,6.0,17.83,106.98,24.5,147.0,40.02,0
2025-07-26,2025.0,Jardín Express,Girasoles,9.0,13.24,119.16,17.27,155.43,36.27,0
2024-12-02,2024.0,Portal de las Flores,Lirios,22.0,15.99,351.78,21.09,463.98,112.2,1
2024-01-26,2024.0,Florería Central,Orquídeas,33.0,49.45,1631.85,67.59,2230.47,598.62,2
2024-09-13,2024.0,Portal de las Flores,Tulipanes,24.0,25.81,619.44,45.7,1096.8,477.36,1
2024-01-08,2024.0,EcoFlores Norte,Lirios,17.0,17.66,300.22,24.86,422.62,122.4,1
2025-09-16,2025.0,Florería Central,Orquídeas,27.0,50.8,1371.6,71.24,1923.48,551.88,2
2024-09-09,2024.0,Florería Central,Tulipanes,28.0,22.14,619.92,31.03,868.84,248.92,1
2025-11-22,2025.0,Portal de las Flores,Orquídeas,10.0,50.65,506.5,67.04,670.4,163.9,2
2025-12-19,2025.0,EcoFlores Norte,Lirios,24.0,16.67,400.08,28.92,694.08,294.0,1
2024-10-29,2024.0,Portal de las Flores,Girasoles,17.0,15.88,269.96,22.38,380.46,110.5,1
2025-09-30,2025.0,Jardín Express,Rosas,7.0,16.02,112.14,22.77,159.39,47.25,0
2024-02-25,2024.0,EcoFlores Norte,Tulipanes,30.0,20.82,624.6,30.19,905.7,281.1,1
2025-12-26,2025.0,Portal de las Flores,Rosas,17.0,17.46,296.82,23.2,394.4,97.58,0
2025-06-09,2025.0,Jardín Express,Girasoles,4.0,14.73,58.92,19.27,77.08,18.16,0
2025-04-18,2025.0,Portal de las Flores,Orquídeas,15.0,45.06,675.9,58.74,881.1,205.2,2
2024-01-28,2024.0,EcoFlores Norte,Rosas,26.0,19.61,509.86,30.47,792.22,282.36,0
2024-03-18,2024.0,Jardín Express,Lirios,8.0,19.09,152.72,31.66,253.28,100.56,1
2024-08-03,2024.0,EcoFlores Norte,Tulipanes,4.0,25.57,102.28,38.91,155.64,53.36,1
2025-01-20,2025.0,EcoFlores Norte,Tulipanes,19.0,25.42,482.98,34.1,647.9,164.92,1
2024-12-30,2024.0,Florería Central,Lirios,34.0,16.63,565.42,22.54,766.36,200.94,1
2025-10-27,2025.0,Florería Central,Orquídeas,33.0,49.41,1630.53,78.01,2574.33,943.8,2
2025-06-09,2025.0,Jardín Express,Girasoles,8.0,13.21,105.68,19.83,158.64,52.96,0
2025-11-29,2025.0,Florería Central,Orquídeas,31.0,40.85,1266.35,55.74,1727.94,461.59,2
2024-11-07,2024.0,EcoFlores Norte,Lirios,21.0,19.41,407.61,27.19,570.99,163.38,1
2024-01-07,2024.0,Florería Central,Tulipanes,38.0,22.87,869.06,41.03,1559.14,690.08,1
2024-01-03,2024.0,Portal de las Flores,Rosas,18.0,16.27,292.86,28.4,511.2,218.34,0
2025-09-14,2025.0,Portal de las Flores,Tulipanes,14.0,21.73,304.22,28.68,401.52,97.3,1
2024-12-28,2024.0,Florería Central,Rosas,42.0,15.41,647.22,21.49,902.58,255.36,0
2025-05-22,2025.0,EcoFlores Norte,Girasoles,15.0,15.19,227.85,19.83,297.45,69.6,1
2024-09-30,2024.0,Portal de las Flores,Rosas,19.0,18.37,349.03,31.16,592.04,243.01,0
2025-05-20,2025.0,EcoFlores Norte,Tulipanes,22.0,26.84,590.48,39.4,866.8,276.32,1
2024-01-15,2024.0,Florería Central,Lirios,32.0,14.74,471.68,26.02,832.64,360.96,1
2024-07-10,2024.0,EcoFlores Norte,Tulipanes,19.0,22.43,426.17,32.29,613.51,187.34,1
2025-09-22,2025.0,EcoFlores Norte,Lirios,12.0,17.45,209.4,29.84,358.08,148.68,1
2025-04-29,2025.0,Jardín Express,Rosas,7.0,18.06,126.42,25.81,180.67,54.25,0
2024-01-28,2024.0,EcoFlores Norte,Rosas,12.0,20.0,240.0,30.72,368.64,128.64,0
2025-12-14,2025.0,EcoFlores Norte,Lirios,21.0,19.09,400.89,24.88,522.48,121.59,1
2024-02-08,2024.0,Portal de las Flores,Girasoles,8.0,15.88,127.04,21.37,170.96,43.92,1
2024-09-29,2024.0,Jardín Express,Girasoles,8.0,14.79,118.32,24.76,198.08,79.76,0
2024-08-18,2024.0,Florería Central,Lirios,31.0,15.92,493.52,24.98,774.38,280.86,1
2024-03-26,2024.0,Florería Central,Orquídeas,30.0,42.24,1267.2,56.82,1704.6,437.4,2
2025-04-18,2025.0,Jardín Express,Girasoles,7.0,13.46,94.22,22.69,158.83,64.61,0
2024-05-05,2024.0,Jardín Express,Rosas,8.0,19.6,156.8,28.79,230.32,73.52,0
2025-06-20,2025.0,EcoFlores Norte,Tulipanes,7.0,22.02,154.14,34.18,239.26,85.12,1
2024-05-24,2024.0,Jardín Express,Rosas,6.0,18.07,108.42,31.12,186.72,78.3,0
2025-06-08,2025.0,EcoFlores Norte,Girasoles,15.0,15.53,232.95,21.27,319.05,86.1,1
2024-07-30,2024.0,Florería Central,Tulipanes,41.0,25.15,1031.15,37.58,1540.78,509.63,1
2024-01-25,2024.0,EcoFlores Norte,Tulipanes,17.0,23.24,395.08,40.29,684.93,289.85,1
2025-08-02,2025.0,Portal de las Flores,Girasoles,24.0,15.96,383.04,24.29,582.96,199.92,1
2025-01-28,2025.0,EcoFlores Norte,Rosas,16.0,16.23,259.68,23.26,372.16,112.48,0
2024-03-07,2024.0,EcoFlores Norte,Lirios,10.0,16.06,160.6,24.82,248.2,87.6,1
2024-08-20,2024.0,Florería Central,Orquídeas,25.0,38.34,958.5,64.49,1612.25,653.75,2
2024-04-18,2024.0,Jardín Express,Tulipanes,14.0,27.48,384.72,39.04,546.56,161.84,1
2024-05-25,2024.0,Portal de las Flores,Rosas,10.0,19.17,191.7,30.74,307.4,115.7,0
2024-04-20,2024.0,Jardín Express,Tulipanes,7.0,27.5,192.5,39.58,277.06,84.56,1
2024-08-15,2024.0,Portal de las Flores,Orquídeas,18.0,47.53,855.54,81.15,1460.7,605.16,2
2024-04-20,2024.0,Florería Central,Orquídeas,31.0,51.12,1584.72,68.31,2117.61,532.89,2
2025-04-14,2025.0,EcoFlores Norte,Tulipanes,16.0,21.98,351.68,31.37,501.92,150.24,1
2024-02-03,2024.0,Portal de las Flores,Orquídeas,21.0,41.91,880.11,70.42,1478.82,598.71,2
2025-09-14,2025.0,EcoFlores Norte,Lirios,15.0,15.56,233.4,23.08,346.2,112.8,1
2025-01-03,2025.0,EcoFlores Norte,Lirios,16.0,16.72,267.52,24.27,388.32,120.8,1
2025-08-17,2025.0,EcoFlores Norte,Tulipanes,23.0,22.32,513.36,34.66,797.18,283.82,1
2025-07-07,2025.0,EcoFlores Norte,Rosas,12.0,16.55,198.6,26.77,321.24,122.64,0
2025-02-28,2025.0,Portal de las Flores,Rosas,22.0,19.5,429.0,27.55,606.1,177.1,0
2025-09-04,2025.0,EcoFlores Norte,Orquídeas,14.0,49.21,688.94,71.2,996.8,307.86,2
2025-06-01,2025.0,Portal de las Flores,Orquídeas,26.0,48.06,1249.56,79.13,2057.38,807.82,2
2025-11-22,2025.0,Jardín Express,Rosas,8.0,18.17,145.36,27.78,222.24,76.88,0
2024-10-08,2024.0,Florería Central,Orquídeas,27.0,45.92,1239.84,66.0,1782.0,542.16,2
2024-11-15,2024.0,Jardín Express,Rosas,13.0,16.24,211.12,25.55,332.15,121.03,0
2025-03-18,2025.0,EcoFlores Norte,Tulipanes,18.0,20.77,373.86,29.42,529.56,155.7,1
2024-11-10,2024.0,Jardín Express,Rosas,6.0,17.71,106.26,27.93,167.58,61.32,0
2025-01-11,2025.0,Jardín Express,Lirios,8.0,18.88,151.04,31.22,249.76,98.72,1
2024-10-15,2024.0,Jardín Express,Girasoles,9.0,14.54,130.86,22.09,198.81,67.95,0
2025-03-12,2025.0,Florería Central,Orquídeas,32.0,46.04,1473.28,74.73,2391.36,918.08,2
2025-10-23,2025.0,Portal de las Flores,Tulipanes,16.0,25.0,400.0,33.52,536.32,136.32,1
2024-10-03,2024.0,Portal de las Flores,Girasoles,20.0,13.13,262.6,20.65,413.0,150.4,1
2025-12-10,2025.0,Portal de las Flores,Girasoles,25.0,12.59,314.75,17.02,425.5,110.75,1
2025-08-04,2025.0,Jardín Express,Tulipanes,9.0,24.17,217.53,39.48,355.32,137.79,1
2025-05-17,2025.0,EcoFlores Norte,Rosas,22.0,19.77,434.94,31.89,701.58,266.64,0
2025-09-15,2025.0,Jardín Express,Rosas,9.0,18.66,167.94,26.31,236.79,68.85,0
2025-05-30,2025.0,Jardín Express,Rosas,5.0,20.39,101.95,32.73,163.65,61.7,0
2024-12-15,2024.0,Jardín Express,Tulipanes,3.0,24.05,72.15,38.15,114.45,42.3,1
2025-03-21,2025.0,EcoFlores Norte,Tulipanes,11.0,27.58,303.38,39.49,434.39,131.01,1
2024-12-15,2024.0,EcoFlores Norte,Girasoles,24.0,14.65,351.6,26.36,632.64,281.04,1
2025-08-29,2025.0,Jardín Express,Girasoles,9.0,14.62,131.58,19.94,179.46,47.88,0
2025-10-25,2025.0,Jardín Express,Rosas,11.0,19.45,213.95,32.6,358.6,144.65,0
2024-05-16,2024.0,EcoFlores Norte,Rosas,23.0,19.09,439.07,29.2,671.6,232.53,0
2024-08-30,2024.0,Florería Central,Orquídeas,31.0,44.51,1379.81,75.32,2334.92,955.11,2
2025-06-26,2025.0,Jardín Express,Girasoles,8.0,12.18,97.44,21.76,174.08,76.64,0
2024-02-09,2024.0,Florería Central,Lirios,19.0,17.83,338.77,30.46,578.74,239.97,1
2024-08-16,2024.0,Florería Central,Orquídeas,27.0,42.51,1147.77,57.93,1564.11,416.34,2
2025-07-01,2025.0,Jardín Express,Rosas,10.0,15.36,153.6,21.04,210.4,56.8,0
2024-08-10,2024.0,Jardín Express,Girasoles,2.0,12.22,24.44,19.98,39.96,15.52,0
2024-01-06,2024.0,Portal de las Flores,Tulipanes,6.0,22.16,132.96,33.48,200.88,67.92,1
2024-11-17,2024.0,Portal de las Flores,Rosas,17.0,18.27,310.59,25.51,433.67,123.08,0
2025-04-12,2025.0,Florería Central,Tulipanes,39.0,24.94,972.66,32.73,1276.47,303.81,1
2024-03-15,2024.0,EcoFlores Norte,Rosas,16.0,17.15,274.4,26.98,431.68,157.28,0
2024-01-04,2024.0,Jardín Express,Girasoles,11.0,15.06,165.66,25.06,275.66,110.0,0
2025-10-07,2025.0,EcoFlores Norte,Rosas,23.0,15.39,353.97,20.38,468.74,114.77,0
2024-04-27,2024.0,Portal de las Flores,Lirios,21.0,16.12,338.52,23.77,499.17,160.65,1
2025-08-28,2025.0,Jardín Express,Lirios,7.0,15.78,110.46,27.13,189.91,79.45,1
2025-05-18,2025.0,EcoFlores Norte,Lirios,20.0,17.89,357.8,25.1,502.0,144.2,1
2025-07-27,2025.0,EcoFlores Norte,Tulipanes,12.0,25.87,310.44,41.65,499.8,189.36,1
2025-03-16,2025.0,Jardín Express,Girasoles,11.0,12.67,139.37,17.14,188.54,49.17,0
2024-07-12,2024.0,Jardín Express,Girasoles,11.0,12.2,134.2,19.89,218.79,84.59,0
2025-12-15,2025.0,Portal de las Flores,Orquídeas,15.0,47.33,709.95,73.3,1099.5,389.55,2
2025-01-26,2025.0,EcoFlores Norte,Tulipanes,11.0,27.3,300.3,35.95,395.45,95.15,1
2024-01-26,2024.0,Portal de las Flores,Rosas,26.0,16.2,421.2,26.83,697.58,276.38,0
2025-03-10,2025.0,Jardín Express,Rosas,6.0,17.91,107.46,23.41,140.46,33.0,0
2024-06-21,2024.0,Portal de las Flores,Girasoles,20.0,16.0,320.0,22.58,451.6,131.6,1
2024-10-26,2024.0,EcoFlores Norte,Rosas,11.0,16.15,177.65,26.51,291.61,113.96,0
2025-10-06,2025.0,Jardín Express,Girasoles,10.0,13.97,139.7,24.53,245.3,105.6,0
2024-11-21,2024.0,Florería Central,Orquídeas,27.0,45.87,1238.49,65.42,1766.34,527.85,2
2025-02-13,2025.0,Jardín Express,Rosas,3.0,20.05,60.15,28.04,84.12,23.97,0
2024-04-27,2024.0,EcoFlores Norte,Orquídeas,17.0,51.02,867.34,83.59,1421.03,553.69,2
2025-12-24,2025.0,Florería Central,Orquídeas,38.0,39.21,1489.98,67.02,2546.76,1056.78,2
2024-08-12,2024.0,EcoFlores Norte,Rosas,17.0,19.6,333.2,26.87,456.79,123.59,0
2025-06-15,2025.0,Portal de las Flores,Girasoles,14.0,14.98,209.72,25.77,360.78,151.06,1
2024-04-22,2024.0,EcoFlores Norte,Rosas,24.0,18.2,436.8,29.82,715.68,278.88,0
2024-05-19,2024.0,EcoFlores Norte,Rosas,11.0,15.4,169.4,20.81,228.91,59.51,0
2025-07-12,2025.0,Portal de las Flores,Lirios,22.0,15.17,333.74,22.94,504.68,170.94,1
2024-01-01,2024.0,Florería Central,Tulipanes,12.0,25.38,304.56,41.55,498.6,194.04,1
2024-03-30,2024.0,Jardín Express,Girasoles,6.0,15.63,93.78,22.47,134.82,41.04,0
2025-10-15,2025.0,Florería Central,Orquídeas,32.0,50.54,1617.28,75.38,2412.16,794.88,2
2024-11-15,2024.0,EcoFlores Norte,Tulipanes,13.0,23.63,307.19,41.83,543.79,236.6,1
2025-07-03,2025.0,Florería Central,Orquídeas,36.0,48.21,1735.56,68.77,2475.72,740.16,2
2024-05-18,2024.0,EcoFlores Norte,Lirios,15.0,16.06,240.9,27.23,408.45,167.55,1
2025-05-25,2025.0,Jardín Express,Rosas,4.0,18.68,74.72,25.65,102.6,27.88,0
2024-09-15,2024.0,EcoFlores Norte,Lirios,17.0,14.69,249.73,23.35,396.95,147.22,1
2025-11-03,2025.0,Portal de las Flores,Orquídeas,21.0,49.32,1035.72,88.76,1863.96,828.24,2
2025-11-20,2025.0,Portal de las Flores,Lirios,25.0,19.37,484.25,34.05,851.25,367.0,1
2024-01-10,2024.0,EcoFlores Norte,Lirios,11.0,17.66,194.26,31.69,348.59,154.33,1
2024-09-17,2024.0,Florería Central,Lirios,30.0,14.96,448.8,21.48,644.4,195.6,1
2025-10-11,2025.0,Jardín Express,Rosas,5.0,16.71,83.55,22.5,112.5,28.95,0
2024-06-20,2024.0,Portal de las Flores,Girasoles,12.0,12.6,151.2,22.59,271.08,119.88,1
2024-01-13,2024.0,Jardín Express,Rosas,13.0,15.4,200.2,21.13,274.69,74.49,0
2024-06-16,2024.0,EcoFlores Norte,Rosas,21.0,17.98,377.58,30.95,649.95,272.37,0
2025-10-03,2025.0,Portal de las Flores,Tulipanes,20.0,25.5,510.0,42.48,849.6,339.6,1
2025-08-18,2025.0,Jardín Express,Rosas,8.0,15.99,127.92,25.44,203.52,75.6,0
2024-11-16,2024.0,Jardín Express,Lirios,12.0,16.87,202.44,28.81,345.72,143.28,1
2024-11-14,2024.0,Florería Central,Girasoles,42.0,15.32,643.44,25.39,1066.38,422.94,1
2025-09-04,2025.0,Jardín Express,Girasoles,7.0,13.65,95.55,18.73,131.11,35.56,0
2024-11-24,2024.0,EcoFlores Norte,Rosas,11.0,17.73,195.03,26.11,287.21,92.18,0
2025-07-03,2025.0,Florería Central,Girasoles,41.0,14.03,575.23,19.38,794.58,219.35,1
2025-02-22,2025.0,Florería Central,Tulipanes,42.0,22.87,960.54,29.95,1257.9,297.36,1
2025-08-28,2025.0,Jardín Express,Rosas,11.0,15.41,169.51,24.55,270.05,100.54,0
2024-04-04,2024.0,Portal de las Flores,Girasoles,18.0,13.68,246.24,22.7,408.6,162.36,1
2025-08-03,2025.0,Jardín Express,Girasoles,8.0,13.03,104.24,23.34,186.72,82.48,0
2024-11-13,2024.0,Jardín Express,Girasoles,5.0,14.54,72.7,24.94,124.7,52.0,0
2024-08-23,2024.0,Portal de las Flores,Lirios,15.0,15.77,236.55,27.34,410.1,173.55,1
2024-11-29,2024.0,Florería Central,Orquídeas,35.0,39.0,1365.0,68.48,2396.8,1031.8,2
2025-01-10,2025.0,Florería Central,Lirios,32.0,16.9,540.8,26.08,834.56,293.76,1
2025-04-03,2025.0,Portal de las Flores,Tulipanes,30.0,24.62,738.6,38.07,1142.1,403.5,1
2024-05-16,2024.0,Portal de las Flores,Rosas,17.0,17.81,302.77,25.34,430.78,128.01,0
2025-08-10,2025.0,Portal de las Flores,Tulipanes,33.0,24.31,802.23,33.18,1094.94,292.71,1
2025-06-30,2025.0,Jardín Express,Rosas,9.0,20.32,182.88,31.08,279.72,96.84,0
2025-05-27,2025.0,Portal de las Flores,Lirios,18.0,16.84,303.12,29.08,523.44,220.32,1
2024-10-22,2024.0,Portal de las Flores,Girasoles,19.0,15.82,300.58,21.56,409.64,109.06,1
2024-11-15,2024.0,Jardín Express,Rosas,9.0,15.89,143.01,28.33,254.97,111.96,0
2025-07-25,2025.0,EcoFlores Norte,Lirios,9.0,19.37,174.33,27.98,251.82,77.49,1
2024-12-14,2024.0,EcoFlores Norte,Lirios,23.0,19.0,437.0,25.45,585.35,148.35,1
2024-08-16,2024.0,Portal de las Flores,Lirios,29.0,15.72,455.88,28.2,817.8,361.92,1
2024-09-26,2024.0,Jardín Express,Girasoles,9.0,12.07,108.63,16.94,152.46,43.83,0
2024-10-17,2024.0,Florería Central,Rosas,43.0,20.05,862.15,35.75,1537.25,675.1,0
2025-12-25,2025.0,EcoFlores Norte,Tulipanes,16.0,27.46,439.36,44.62,713.92,274.56,1
2024-06-13,2024.0,EcoFlores Norte,Girasoles,23.0,12.09,278.07,19.48,448.04,169.97,1
2024-01-05,2024.0,Portal de las Flores,Tulipanes,27.0,26.24,708.48,39.36,1062.72,354.24,1
2025-01-13,2025.0,Portal de las Flores,Girasoles,16.0,13.61,217.76,22.95,367.2,149.44,1
2024-03-18,2024.0,EcoFlores Norte,Rosas,24.0,17.14,411.36,24.13,579.12,167.76,0
2025-02-13,2025.0,Jardín Express,Girasoles,11.0,12.74,140.14,21.69,238.59,98.45,0
2025-07-27,2025.0,Portal de las Flores,Lirios,20.0,14.7,294.0,20.21,404.2,110.2,1
2024-05-11,2024.0,EcoFlores Norte,Lirios,17.0,15.85,269.45,23.77,404.09,134.64,1
2025-08-23,2025.0,Jardín Express,Lirios,8.0,19.2,153.6,31.35,250.8,97.2,1
2024-02-11,2024.0,Florería Central,Girasoles,32.0,15.9,508.8,27.85,891.2,382.4,1
2024-03-29,2024.0,EcoFlores Norte,Tulipanes,19.0,24.02,456.38,40.42,767.98,311.6,1
2025-02-05,2025.0,Portal de las Flores,Rosas,17.0,16.11,273.87,26.16,444.72,170.85,0
2024-10-22,2024.0,Jardín Express,Girasoles,9.0,12.25,110.25,19.86,178.74,68.49,0
2024-10-21,2024.0,Portal de las Flores,Lirios,12.0,17.43,209.16,24.98,299.76,90.6,1
2025-09-07,2025.0,Florería Central,Orquídeas,10.0,48.42,484.2,66.15,661.5,177.3,2
2025-06-09,2025.0,Portal de las Flores,Orquídeas,20.0,45.62,912.4,61.35,1227.0,314.6,2
2025-11-21,2025.0,EcoFlores Norte,Tulipanes,18.0,20.97,377.46,31.95,575.1,197.64,1
2025-09-28,2025.0,EcoFlores Norte,Lirios,18.0,14.97,269.46,24.13,434.34,164.88,1
2025-02-25,2025.0,Jardín Express,Orquídeas,6.0,41.95,251.7,61.25,367.5,115.8,2
2025-07-28,2025.0,Portal de las Flores,Lirios,18.0,15.27,274.86,25.2,453.6,178.74,1
2024-05-22,2024.0,Jardín Express,Girasoles,4.0,14.34,57.36,19.21,76.84,19.48,0
2025-10-26,2025.0,Florería Central,Lirios,40.0,17.18,687.2,25.72,1028.8,341.6,1
2024-05-24,2024.0,Jardín Express,Girasoles,8.0,13.33,106.64,22.7,181.6,74.96,0
2025-05-17,2025.0,Florería Central,Lirios,44.0,19.08,839.52,30.57,1345.08,505.56,1
2025-09-07,2025.0,Portal de las Flores,Orquídeas,22.0,48.69,1071.18,65.88,1449.36,378.18,2
2024-04-13,2024.0,EcoFlores Norte,Rosas,18.0,17.79,320.22,25.86,465.48,145.26,0
2024-02-08,2024.0,EcoFlores Norte,Orquídeas,16.0,39.36,629.76,57.04,912.64,282.88,2
2024-07-16,2024.0,Florería Central,Lirios,40.0,16.37,654.8,23.39,935.6,280.8,1
2025-10-07,2025.0,Florería Central,Orquídeas,42.0,39.28,1649.76,64.11,2692.62,1042.86,2
2025-08-01,2025.0,Portal de las Flores,Girasoles,14.0,13.95,195.3,20.13,281.82,86.52,1
2025-01-25,2025.0,Jardín Express,Girasoles,9.0,12.12,109.08,20.92,188.28,79.2,0
2024-06-27,2024.0,Portal de las Flores,Tulipanes,15.0,26.7,400.5,39.42,591.3,190.8,1
2025-07-07,2025.0,Portal de las Flores,Girasoles,19.0,12.24,232.56,17.11,325.09,92.53,1
2025-03-23,2025.0,Florería Central,Orquídeas,24.0,48.17,1156.08,70.37,1688.88,532.8,2
2025-05-14,2025.0,EcoFlores Norte,Tulipanes,22.0,25.14,553.08,45.12,992.64,439.56,1
2024-01-15,2024.0,EcoFlores Norte,Lirios,12.0,17.14,205.68,24.01,288.12,82.44,1
2025-09-14,2025.0,EcoFlores Norte,Rosas,18.0,16.92,304.56,23.28,419.04,114.48,0
2025-10-30,2025.0,Jardín Express,Girasoles,12.0,12.74,152.88,22.17,266.04,113.16,0
2024-10-15,2024.0,Jardín Express,Rosas,10.0,18.74,187.4,31.88,318.8,131.4,0
2025-04-22,2025.0,Jardín Express,Tulipanes,7.0,27.46,192.22,45.86,321.02,128.8,1
2024-08-18,2024.0,Jardín Express,Girasoles,8.0,13.95,111.6,22.5,180.0,68.4,0
2025-02-23,2025.0,Jardín Express,Rosas,4.0,18.93,75.72,26.25,105.0,29.28,0
2024-06-05,2024.0,Jardín Express,Rosas,10.0,16.03,160.3,27.54,275.4,115.1,0
2025-07-03,2025.0,EcoFlores Norte,Lirios,22.0,14.53,319.66,24.19,532.18,212.52,1
2025-03-16,2025.0,Florería Central,Tulipanes,14.0,27.5,385.0,36.52,511.28,126.28,1
2024-04-06,2024.0,Portal de las Flores,Tulipanes,18.0,20.78,374.04,33.52,603.36,229.32,1
2025-02-14,2025.0,EcoFlores Norte,Tulipanes,8.0,25.61,204.88,39.79,318.32,113.44,1
2024-10-15,2024.0,EcoFlores Norte,Rosas,21.0,20.54,431.34,26.93,565.53,134.19,0
2024-09-10,2024.0,Florería Central,Rosas,29.0,16.69,484.01,22.47,651.63,167.62,0
2024-07-14,2024.0,EcoFlores Norte,Girasoles,16.0,15.19,243.04,26.87,429.92,186.88,1
2025-08-20,2025.0,Jardín Express,Girasoles,8.0,13.0,104.0,21.89,175.12,71.12,0
2025-06-05,2025.0,Portal de las Flores,Orquídeas,25.0,44.78,1119.5,65.28,1632.0,512.5,2
2025-05-31,2025.0,EcoFlores Norte,Rosas,12.0,17.47,209.64,25.77,309.24,99.6,0
2025-09-26,2025.0,Florería Central,Rosas,34.0,16.75,569.5,26.13,888.42,318.92,0
2024-04-27,2024.0,Jardín Express,Rosas,9.0,19.12,172.08,26.68,240.12,68.04,0
2024-06-07,2024.0,Portal de las Flores,Orquídeas,17.0,38.89,661.13,53.99,917.83,256.7,2
2024-08-15,2024.0,Portal de las Flores,Orquídeas,18.0,45.04,810.72,69.66,1253.88,443.16,2
2024-08-03,2024.0,Florería Central,Orquídeas,30.0,40.61,1218.3,60.48,1814.4,596.1,2
2025-11-26,2025.0,EcoFlores Norte,Rosas,12.0,17.41,208.92,28.43,341.16,132.24,0
2024-01-15,2024.0,Jardín Express,Rosas,2.0,18.24,36.48,30.47,60.94,24.46,0
2024-06-05,2024.0,EcoFlores Norte,Tulipanes,15.0,20.48,307.2,27.56,413.4,106.2,1
2025-10-09,2025.0,Florería Central,Orquídeas,31.0,40.6,1258.6,59.63,1848.53,589.93,2
2024-09-17,2024.0,EcoFlores Norte,Rosas,15.0,20.26,303.9,33.16,497.4,193.5,0
2024-06-05,2024.0,Portal de las Flores,Rosas,19.0,20.07,381.33,30.84,585.96,204.63,0
2024-02-16,2024.0,Portal de las Flores,Girasoles,18.0,15.69,282.42,20.8,374.4,91.98,1
2024-11-19,2024.0,Portal de las Flores,Girasoles,11.0,13.33,146.63,23.32,256.52,109.89,1
2025-11-15,2025.0,Jardín Express,Rosas,14.0,18.82,263.48,26.87,376.18,112.7,0
2024-05-09,2024.0,EcoFlores Norte,Girasoles,23.0,15.47,355.81,24.3,558.9,203.09,1
2025-02-14,2025.0,Florería Central,Orquídeas,41.0,41.05,1683.05,65.04,2666.64,983.59,2
2024-04-04,2024.0,Florería Central,Rosas,42.0,18.19,763.98,24.42,1025.64,261.66,0
2025-09-18,2025.0,Florería Central,Rosas,39.0,17.03,664.17,29.53,1151.67,487.5,0
2024-10-18,2024.0,Florería Central,Tulipanes,33.0,25.24,832.92,41.67,1375.11,542.19,1
2024-10-09,2024.0,Portal de las Flores,Girasoles,13.0,14.28,185.64,22.16,288.08,102.44,1
2024-03-09,2024.0,EcoFlores Norte,Tulipanes,20.0,24.19,483.8,41.23,824.6,340.8,1
2025-10-21,2025.0,Florería Central,Orquídeas,49.0,42.52,2083.48,62.55,3064.95,981.47,2
2024-01-11,2024.0,Florería Central,Orquídeas,34.0,46.04,1565.36,74.76,2541.84,976.48,2
2024-09-10,2024.0,Portal de las Flores,Girasoles,38.0,13.41,509.58,17.98,683.24,173.66,1
2025-07-03,2025.0,Portal de las Flores,Rosas,23.0,20.43,469.89,30.73,706.79,236.9,0
2024-05-13,2024.0,EcoFlores Norte,Lirios,10.0,16.6,166.0,22.36,223.6,57.6,1
2025-12-12,2025.0,EcoFlores Norte,Rosas,14.0,16.33,228.62,24.99,349.86,121.24,0
2024-01-23,2024.0,Portal de las Flores,Orquídeas,24.0,47.04,1128.96,80.54,1932.96,804.0,2
2024-12-11,2024.0,EcoFlores Norte,Lirios,11.0,18.88,207.68,28.45,312.95,105.27,1
2024-10-28,2024.0,EcoFlores Norte,Girasoles,15.0,14.29,214.35,25.16,377.4,163.05,1
2024-12-28,2024.0,EcoFlores Norte,Tulipanes,18.0,27.28,491.04,48.01,864.18,373.14,1
2025-01-30,2025.0,Florería Central,Orquídeas,34.0,41.49,1410.66,63.68,2165.12,754.46,2
2024-08-05,2024.0,Florería Central,Tulipanes,29.0,26.17,758.93,42.29,1226.41,467.48,1
2024-05-20,2024.0,EcoFlores Norte,Tulipanes,20.0,22.84,456.8,40.38,807.6,350.8,1
2025-09-07,2025.0,EcoFlores Norte,Orquídeas,22.0,45.35,997.7,75.24,1655.28,657.58,2
2024-07-28,2024.0,Florería Central,Orquídeas,40.0,38.63,1545.2,54.98,2199.2,654.0,2
2025-09-14,2025.0,Jardín Express,Girasoles,15.0,14.04,210.6,25.21,378.15,167.55,0
2025-09-07,2025.0,Jardín Express,Rosas,5.0,17.53,87.65,29.36,146.8,59.15,0
2025-11-13,2025.0,Portal de las Flores,Rosas,20.0,20.65,413.0,29.71,594.2,181.2,0
2025-04-04,2025.0,Portal de las Flores,Girasoles,16.0,15.5,248.0,25.45,407.2,159.2,1
2024-12-21,2024.0,Jardín Express,Girasoles,2.0,14.35,28.7,25.54,51.08,22.38,0
2024-11-19,2024.0,EcoFlores Norte,Lirios,11.0,17.06,187.66,30.2,332.2,144.54,1
2024-05-12,2024.0,Portal de las Flores,Orquídeas,13.0,41.02,533.26,57.21,743.73,210.47,2
2024-05-06,2024.0,Jardín Express,Rosas,2.0,20.24,40.48,34.02,68.04,27.56,0
2024-04-15,2024.0,EcoFlores Norte,Tulipanes,11.0,26.79,294.69,36.67,403.37,108.68,1
2025-08-26,2025.0,Portal de las Flores,Rosas,15.0,18.49,277.35,30.71,460.65,183.3,0
2025-01-12,2025.0,Jardín Express,Rosas,10.0,17.95,179.5,24.01,240.1,60.6,0
2024-02-20,2024.0,Portal de las Flores,Girasoles,13.0,15.91,206.83,27.64,359.32,152.49,1
2024-01-29,2024.0,Portal de las Flores,Girasoles,29.0,14.66,425.14,20.51,594.79,169.65,1
2025-04-06,2025.0,Florería Central,Orquídeas,34.0,39.11,1329.74,61.63,2095.42,765.68,2
2024-10-22,2024.0,Portal de las Flores,Tulipanes,23.0,27.58,634.34,41.79,961.17,326.83,1
2024-10-23,2024.0,Portal de las Flores,Rosas,14.0,19.0,266.0,34.03,476.42,210.42,0
2025-12-26,2025.0,EcoFlores Norte,Orquídeas,21.0,51.06,1072.26,73.22,1537.62,465.36,2
2025-02-10,2025.0,EcoFlores Norte,Lirios,16.0,15.78,252.48,27.98,447.68,195.2,1
2025-09-04,2025.0,Jardín Express,Girasoles,10.0,15.36,153.6,24.94,249.4,95.8,0
2025-02-08,2025.0,Jardín Express,Girasoles,11.0,14.51,159.61,22.78,250.58,90.97,0
2024-12-11,2024.0,EcoFlores Norte,Rosas,21.0,18.5,388.5,28.51,598.71,210.21,0
2025-09-13,2025.0,Jardín Express,Tulipanes,7.0,26.42,184.94,36.51,255.57,70.63,1
2025-02-23,2025.0,Florería Central,Orquídeas,20.0,42.29,845.8,63.66,1273.2,427.4,2
2024-06-30,2024.0,Florería Central,Girasoles,42.0,13.63,572.46,18.71,785.82,213.36,1
2024-01-01,2024.0,Portal de las Flores,Rosas,19.0,20.5,389.5,32.88,624.72,235.22,0
2025-07-20,2025.0,Jardín Express,Tulipanes,9.0,26.99,242.91,46.62,419.58,176.67,1
2025-01-05,2025.0,Portal de las Flores,Lirios,24.0,14.72,353.28,24.9,597.6,244.32,1
2025-10-22,2025.0,EcoFlores Norte,Rosas,24.0,16.43,394.32,25.77,618.48,224.16,0
2025-03-06,2025.0,Portal de las Flores,Orquídeas,24.0,41.11,986.64,69.73,1673.52,686.88,2
2024-11-04,2024.0,EcoFlores Norte,Orquídeas,19.0,48.18,915.42,64.56,1226.64,311.22,2
2024-05-16,2024.0,EcoFlores Norte,Lirios,20.0,17.28,345.6,30.25,605.0,259.4,1
2024-07-20,2024.0,EcoFlores Norte,Tulipanes,17.0,20.84,354.28,34.54,587.18,232.9,1
2025-03-11,2025.0,EcoFlores Norte,Rosas,23.0,19.65,451.95,35.05,806.15,354.2,0
2024-11-08,2024.0,EcoFlores Norte,Tulipanes,12.0,25.75,309.0,43.13,517.56,208.56,1
2024-04-26,2024.0,Florería Central,Orquídeas,41.0,46.16,1892.56,60.2,2468.2,575.64,2
2025-10-27,2025.0,Portal de las Flores,Rosas,14.0,15.59,218.26,26.15,366.1,147.84,0
2025-07-28,2025.0,Florería Central,Orquídeas,46.0,46.26,2127.96,74.2,3413.2,1285.24,2
2024-08-31,2024.0,Portal de las Flores,Lirios,22.0,15.05,331.1,24.5,539.0,207.9,1
2025-06-20,2025.0,Jardín Express,Tulipanes,6.0,24.45,146.7,31.86,191.16,44.46,1
2025-08-24,2025.0,Portal de las Flores,Orquídeas,21.0,49.4,1037.4,65.7,1379.7,342.3,2
2024-03-15,2024.0,Florería Central,Girasoles,35.0,14.29,500.15,24.88,870.8,370.65,1
2025-01-20,2025.0,Florería Central,Lirios,35.0,16.68,583.8,24.52,858.2,274.4,1
2024-07-28,2024.0,Florería Central,Rosas,43.0,16.33,702.19,27.68,1190.24,488.05,0
2025-04-19,2025.0,EcoFlores Norte,Rosas,22.0,17.91,394.02,26.78,589.16,195.14,0
2025-02-21,2025.0,Jardín Express,Rosas,12.0,16.66,199.92,29.33,351.96,152.04,0
2024-12-12,2024.0,Florería Central,Orquídeas,40.0,41.12,1644.8,64.15,2566.0,921.2,2
2025-06-12,2025.0,Portal de las Flores,Tulipanes,20.0,22.26,445.2,38.05,761.0,315.8,1
2025-10-01,2025.0,EcoFlores Norte,Lirios,21.0,18.35,385.35,26.13,548.73,163.38,1
2024-06-27,2024.0,Portal de las Flores,Rosas,17.0,15.85,269.45,26.38,448.46,179.01,0
2024-06-30,2024.0,EcoFlores Norte,Girasoles,11.0,13.18,144.98,20.59,226.49,81.51,1
2025-10-25,2025.0,Portal de las Flores,Girasoles,17.0,14.17,240.89,24.22,411.74,170.85,1
2024-01-25,2024.0,EcoFlores Norte,Tulipanes,16.0,25.75,412.0,39.12,625.92,213.92,1
2024-06-28,2024.0,EcoFlores Norte,Rosas,15.0,18.9,283.5,29.53,442.95,159.45,0
2025-12-10,2025.0,Portal de las Flores,Rosas,21.0,15.76,330.96,24.03,504.63,173.67,0
2025-05-15,2025.0,Portal de las Flores,Girasoles,25.0,14.43,360.75,23.79,594.75,234.0,1
2024-06-09,2024.0,EcoFlores Norte,Tulipanes,22.0,26.85,590.7,44.11,970.42,379.72,1
2024-06-25,2024.0,Portal de las Flores,Tulipanes,18.0,21.04,378.72,36.45,656.1,277.38,1
2024-10-11,2024.0,EcoFlores Norte,Tulipanes,27.0,24.15,652.05,33.2,896.4,244.35,1
2024-03-03,2024.0,Portal de las Flores,Tulipanes,10.0,25.65,256.5,40.52,405.2,148.7,1
2025-10-23,2025.0,EcoFlores Norte,Tulipanes,24.0,26.83,643.92,45.03,1080.72,436.8,1
2025-10-27,2025.0,Jardín Express,Lirios,5.0,16.46,82.3,27.92,139.6,57.3,1
2024-06-04,2024.0,Portal de las Flores,Rosas,25.0,15.52,388.0,26.62,665.5,277.5,0
2025-04-13,2025.0,Jardín Express,Girasoles,9.0,14.56,131.04,20.77,186.93,55.89,0
2024-02-18,2024.0,Portal de las Flores,Tulipanes,32.0,22.08,706.56,38.25,1224.0,517.44,1
2024-03-24,2024.0,Jardín Express,Girasoles,9.0,14.12,127.08,21.19,190.71,63.63,0
2024-12-26,2024.0,Portal de las Flores,Orquídeas,13.0,49.04,637.52,83.44,1084.72,447.2,2
2025-11-19,2025.0,EcoFlores Norte,Orquídeas,21.0,49.09,1030.89,77.61,1629.81,598.92,2
2024-05-27,2024.0,EcoFlores Norte,Lirios,24.0,16.4,393.6,23.82,571.68,178.08,1
2025-09-21,2025.0,EcoFlores Norte,Lirios,10.0,16.38,163.8,23.77,237.7,73.9,1
2024-12-07,2024.0,Portal de las Flores,Rosas,16.0,16.62,265.92,23.5,376.0,110.08,0
2025-04-20,2025.0,Florería Central,Rosas,41.0,16.55,678.55,27.38,1122.58,444.03,0
2024-03-03,2024.0,EcoFlores Norte,Rosas,12.0,17.83,213.96,28.45,341.4,127.44,0
2025-12-01,2025.0,Jardín Express,Rosas,10.0,19.77,197.7,29.93,299.3,101.6,0
2024-12-25,2024.0,Florería Central,Orquídeas,44.0,44.65,1964.6,58.14,2558.16,593.56,2
2025-07-14,2025.0,Jardín Express,Lirios,8.0,16.21,129.68,22.38,179.04,49.36,1
2024-11-22,2024.0,EcoFlores Norte,Lirios,12.0,18.35,220.2,31.1,373.2,153.0,1
2024-05-20,2024.0,Jardín Express,Girasoles,7.0,13.9,97.3,24.98,174.86,77.56,0
2024-08-02,2024.0,Florería Central,Orquídeas,30.0,45.25,1357.5,72.11,2163.3,805.8,2
2025-03-10,2025.0,EcoFlores Norte,Rosas,19.0,17.73,336.87,30.47,578.93,242.06,0
2025-12-23,2025.0,Jardín Express,Orquídeas,5.0,46.33,231.65,74.17,370.85,139.2,2
2024-11-13,2024.0,Florería Central,Tulipanes,34.0,26.11,887.74,45.77,1556.18,668.44,1
2024-02-01,2024.0,Portal de las Flores,Orquídeas,22.0,42.68,938.96,57.89,1273.58,334.62,2
2025-10-31,2025.0,EcoFlores Norte,Lirios,16.0,14.7,235.2,23.55,376.8,141.6,1
2024-10-11,2024.0,Jardín Express,Rosas,7.0,20.64,144.48,27.4,191.8,47.32,0
2024-10-31,2024.0,Portal de las Flores,Rosas,30.0,17.9,537.0,27.77,833.1,296.1,0
2025-03-04,2025.0,EcoFlores Norte,Tulipanes,24.0,27.18,652.32,47.05,1129.2,476.88,1
2025-04-21,2025.0,Florería Central,Orquídeas,31.0,49.4,1531.4,71.72,2223.32,691.92,2
2024-10-12,2024.0,Florería Central,Rosas,26.0,16.68,433.68,30.01,780.26,346.58,0
2024-05-23,2024.0,Florería Central,Rosas,41.0,18.14,743.74,24.1,988.1,244.36,0
2025-02-27,2025.0,Jardín Express,Girasoles,9.0,15.21,136.89,25.99,233.91,97.02,0
2024-01-19,2024.0,Florería Central,Orquídeas,17.0,42.76,726.92,62.35,1059.95,333.03,2
2025-08-12,2025.0,Florería Central,Tulipanes,31.0,27.11,840.41,46.89,1453.59,613.18,1
2025-01-05,2025.0,Florería Central,Orquídeas,41.0,41.41,1697.81,55.07,2257.87,560.06,2
2024-06-23,2024.0,EcoFlores Norte,Tulipanes,22.0,25.27,555.94,37.97,835.34,279.4,1
2024-07-12,2024.0,EcoFlores Norte,Lirios,10.0,19.22,192.2,28.48,284.8,92.6,1
2025-05-16,2025.0,Jardín Express,Rosas,4.0,18.64,74.56,25.72,102.88,28.32,0
2024-04-22,2024.0,EcoFlores Norte,Girasoles,25.0,15.03,375.75,23.41,585.25,209.5,1
2024-04-23,2024.0,Portal de las Flores,Girasoles,23.0,15.42,354.66,22.44,516.12,161.46,1
2024-08-09,2024.0,Florería Central,Orquídeas,43.0,41.97,1804.71,73.65,3166.95,1362.24,2
2025-10-05,2025.0,Jardín Express,Rosas,2.0,17.42,34.84,24.21,48.42,13.58,0
2024-09-20,2024.0,EcoFlores Norte,Rosas,19.0,16.73,317.87,25.33,481.27,163.4,0
2024-02-24,2024.0,Jardín Express,Girasoles,10.0,13.73,137.3,19.17,191.7,54.4,0
2025-10-04,2025.0,EcoFlores Norte,Tulipanes,15.0,25.47,382.05,33.49,502.35,120.3,1
2025-04-02,2025.0,Florería Central,Tulipanes,31.0,27.19,842.89,48.01,1488.31,645.42,1
2024-06-10,2024.0,Portal de las Flores,Orquídeas,8.0,43.09,344.72,59.24,473.92,129.2,2
2025-01-14,2025.0,Portal de las Flores,Girasoles,25.0,15.81,395.25,23.59,589.75,194.5,1
2024-03-27,2024.0,Portal de las Flores,Rosas,19.0,20.14,382.66,34.31,651.89,269.23,0
2024-02-24,2024.0,Portal de las Flores,Tulipanes,15.0,22.05,330.75,30.87,463.05,132.3,1
2025-04-20,2025.0,EcoFlores Norte,Girasoles,9.0,15.1,135.9,25.41,228.69,92.79,1
2024-06-26,2024.0,Portal de las Flores,Rosas,25.0,17.34,433.5,30.37,759.25,325.75,0
2025-01-25,2025.0,EcoFlores Norte,Lirios,14.0,15.47,216.58,21.78,304.92,88.34,1
2024-12-14,2024.0,Jardín Express,Rosas,10.0,18.17,181.7,24.52,245.2,63.5,0
2024-01-08,2024.0,Portal de las Flores,Orquídeas,26.0,49.94,1298.44,69.22,1799.72,501.28,2
2024-11-08,2024.0,EcoFlores Norte,Girasoles,15.0,13.59,203.85,22.08,331.2,127.35,1
2025-03-18,2025.0,Florería Central,Orquídeas,35.0,49.89,1746.15,81.17,2840.95,1094.8,2
2024-11-23,2024.0,Jardín Express,Tulipanes,2.0,25.92,51.84,40.15,80.3,28.46,1
2024-02-23,2024.0,Portal de las Flores,Lirios,18.0,18.59,334.62,32.23,580.14,245.52,1
2024-08-26,2024.0,Florería Central,Rosas,33.0,20.06,661.98,27.55,909.15,247.17,0
2024-08-16,2024.0,Portal de las Flores,Girasoles,17.0,15.99,271.83,27.11,460.87,189.04,1
2024-02-20,2024.0,EcoFlores Norte,Tulipanes,17.0,22.51,382.67,33.48,569.16,186.49,1
2025-08-31,2025.0,Florería Central,Orquídeas,39.0,46.92,1829.88,67.99,2651.61,821.73,2
2025-08-26,2025.0,Portal de las Flores,Rosas,19.0,19.89,377.91,29.98,569.62,191.71,0
2024-09-20,2024.0,Jardín Express,Rosas,6.0,17.53,105.18,27.58,165.48,60.3,0
2025-02-21,2025.0,Jardín Express,Rosas,8.0,17.35,138.8,25.62,204.96,66.16,0
2024-04-05,2024.0,EcoFlores Norte,Rosas,18.0,20.35,366.3,34.95,629.1,262.8,0
2024-03-28,2024.0,Portal de las Flores,Rosas,11.0,16.94,186.34,25.66,282.26,95.92,0
2024-03-18,2024.0,Florería Central,Orquídeas,42.0,49.08,2061.36,72.36,3039.12,977.76,2
2024-10-14,2024.0,Jardín Express,Rosas,6.0,20.31,121.86,32.29,193.74,71.88,0
2024-04-29,2024.0,Florería Central,Orquídeas,42.0,41.44,1740.48,67.58,2838.36,1097.88,2
2025-05-05,2025.0,Jardín Express,Girasoles,9.0,15.12,136.08,22.31,200.79,64.71,0
2025-03-27,2025.0,Florería Central,Girasoles,25.0,11.97,299.25,16.56,414.0,114.75,1
2025-05-14,2025.0,Portal de las Flores,Tulipanes,24.0,25.51,612.24,33.43,802.32,190.08,1
2024-06-13,2024.0,EcoFlores Norte,Tulipanes,16.0,25.78,412.48,40.61,649.76,237.28,1
2024-06-30,2024.0,Florería Central,Girasoles,29.0,15.51,449.79,25.6,742.4,292.61,1
2025-04-13,2025.0,Jardín Express,Tulipanes,4.0,25.2,100.8,36.34,145.36,44.56,1
2024-01-07,2024.0,EcoFlores Norte,Girasoles,16.0,13.81,220.96,23.91,382.56,161.6,1
2024-11-25,2024.0,Portal de las Flores,Tulipanes,17.0,24.65,419.05,38.28,650.76,231.71,1
2025-11-03,2025.0,Florería Central,Tulipanes,40.0,27.12,1084.8,40.45,1618.0,533.2,1
2024-05-30,2024.0,EcoFlores Norte,Lirios,16.0,16.73,267.68,28.69,459.04,191.36,1
2024-03-25,2024.0,Florería Central,Lirios,37.0,16.92,626.04,26.15,967.55,341.51,1
2024-05-26,2024.0,Portal de las Flores,Rosas,33.0,17.48,576.84,26.75,882.75,305.91,0
2025-09-15,2025.0,Jardín Express,Girasoles,2.0,14.74,29.48,24.9,49.8,20.32,0
2025-01-15,2025.0,EcoFlores Norte,Tulipanes,12.0,22.14,265.68,39.02,468.24,202.56,1
2025-07-01,2025.0,Jardín Express,Rosas,3.0,17.64,52.92,28.43,85.29,32.37,0
2024-10-11,2024.0,Jardín Express,Rosas,7.0,16.69,116.83,25.09,175.63,58.8,0
2025-11-30,2025.0,Florería Central,Orquídeas,35.0,47.0,1645.0,61.53,2153.55,508.55,2
2024-03-22,2024.0,EcoFlores Norte,Tulipanes,17.0,25.84,439.28,39.44,670.48,231.2,1
2025-05-28,2025.0,Jardín Express,Rosas,8.0,18.5,148.0,31.78,254.24,106.24,0
2025-06-06,2025.0,Portal de las Flores,Lirios,14.0,16.57,231.98,27.51,385.14,153.16,1
2025-01-20,2025.0,Jardín Express,Rosas,5.0,19.55,97.75,28.46,142.3,44.55,0
2025-12-07,2025.0,Jardín Express,Rosas,9.0,19.04,171.36,30.2,271.8,100.44,0
2025-04-15,2025.0,Jardín Express,Girasoles,12.0,14.35,172.2,19.25,231.0,58.8,0
2024-04-28,2024.0,Florería Central,Rosas,34.0,16.8,571.2,24.57,835.38,264.18,0
2025-01-30,2025.0,Jardín Express,Girasoles,8.0,14.11,112.88,23.73,189.84,76.96,0
2024-09-17,2024.0,Jardín Express,Girasoles,9.0,13.01,117.09,22.99,206.91,89.82,0
2024-09-12,2024.0,Jardín Express,Girasoles,6.0,15.64,93.84,24.29,145.74,51.9,0
2024-08-13,2024.0,Florería Central,Orquídeas,32.0,51.24,1639.68,89.42,2861.44,1221.76,2
2024-02-22,2024.0,EcoFlores Norte,Girasoles,19.0,14.04,266.76,20.49,389.31,122.55,1
2025-05-14,2025.0,Portal de las Flores,Orquídeas,26.0,39.2,1019.2,67.91,1765.66,746.46,2
2025-05-20,2025.0,Florería Central,Orquídeas,27.0,47.85,1291.95,63.45,1713.15,421.2,2
2024-12-29,2024.0,EcoFlores Norte,Rosas,13.0,20.19,262.47,34.5,448.5,186.03,0
2024-10-06,2024.0,Jardín Express,Rosas,10.0,19.35,193.5,26.09,260.9,67.4,0
2025-08-15,2025.0,Portal de las Flores,Lirios,20.0,15.64,312.8,23.53,470.6,157.8,1
2025-12-14,2025.0,Florería Central,Girasoles,23.0,13.94,320.62,21.45,493.35,172.73,1
2024-06-06,2024.0,Jardín Express,Girasoles,8.0,14.44,115.52,22.81,182.48,66.96,0
2025-09-23,2025.0,Florería Central,Orquídeas,15.0,48.48,727.2,82.65,1239.75,512.55,2
2024-02-28,2024.0,Jardín Express,Girasoles,9.0,15.82,142.38,28.06,252.54,110.16,0
2025-12-27,2025.0,EcoFlores Norte,Girasoles,15.0,15.57,233.55,20.89,313.35,79.8,1
2024-05-07,2024.0,Florería Central,Lirios,30.0,16.52,495.6,24.64,739.2,243.6,1
2025-12-21,2025.0,Portal de las Flores,Tulipanes,15.0,21.63,324.45,31.01,465.15,140.7,1
2024-04-24,2024.0,EcoFlores Norte,Lirios,16.0,15.0,240.0,20.26,324.16,84.16,1
2024-07-27,2024.0,Jardín Express,Orquídeas,8.0,51.02,408.16,72.57,580.56,172.4,2
2025-06-09,2025.0,Jardín Express,Girasoles,8.0,14.29,114.32,21.03,168.24,53.92,0
2025-06-04,2025.0,Jardín Express,Rosas,11.0,17.69,194.59,23.4,257.4,62.81,0
2025-07-05,2025.0,Florería Central,Orquídeas,27.0,47.64,1286.28,65.85,1777.95,491.67,2
2024-08-24,2024.0,Florería Central,Orquídeas,32.0,49.31,1577.92,86.43,2765.76,1187.84,2
2024-10-07,2024.0,Jardín Express,Girasoles,10.0,12.14,121.4,18.7,187.0,65.6,0
2024-12-24,2024.0,Jardín Express,Rosas,9.0,19.69,177.21,34.0,306.0,128.79,0
2024-07-19,2024.0,Florería Central,Orquídeas,36.0,43.58,1568.88,62.19,2238.84,669.96,2
2024-10-04,2024.0,EcoFlores Norte,Rosas,21.0,19.19,402.99,29.21,613.41,210.42,0
2024-08-22,2024.0,Jardín Express,Rosas,6.0,17.06,102.36,28.53,171.18,68.82,0
2025-05-08,2025.0,Florería Central,Tulipanes,44.0,23.18,1019.92,35.75,1573.0,553.08,1
2024-01-04,2024.0,Jardín Express,Girasoles,8.0,13.71,109.68,23.06,184.48,74.8,0
2025-10-27,2025.0,Florería Central,Orquídeas,30.0,45.95,1378.5,60.97,1829.1,450.6,2
2024-01-29,2024.0,Florería Central,Lirios,35.0,18.75,656.25,31.15,1090.25,434.0,1
2024-04-18,2024.0,EcoFlores Norte,Tulipanes,18.0,24.63,443.34,43.05,774.9,331.56,1
2025-09-01,2025.0,Jardín Express,Tulipanes,6.0,23.02,138.12,37.29,223.74,85.62,1
2025-12-27,2025.0,EcoFlores Norte,Girasoles,13.0,14.71,191.23,19.65,255.45,64.22,1
2024-03-15,2024.0,Portal de las Flores,Girasoles,11.0,14.9,163.9,22.95,252.45,88.55,1
2024-05-25,2024.0,Florería Central,Rosas,35.0,16.94,592.9,25.09,878.15,285.25,0
2024-05-07,2024.0,Portal de las Flores,Lirios,23.0,19.41,446.43,31.12,715.76,269.33,1
2024-02-11,2024.0,Portal de las Flores,Rosas,24.0,16.56,397.44,26.56,637.44,240.0,0
2024-12-21,2024.0,EcoFlores Norte,Lirios,16.0,14.8,236.8,20.67,330.72,93.92,1
2024-02-10,2024.0,Portal de las Flores,Lirios,15.0,17.37,260.55,24.45,366.75,106.2,1
2024-02-03,2024.0,Florería Central,Tulipanes,39.0,20.8,811.2,27.88,1087.32,276.12,1
2024-01-17,2024.0,Florería Central,Tulipanes,38.0,27.2,1033.6,40.75,1548.5,514.9,1
2025-11-07,2025.0,Portal de las Flores,Rosas,32.0,18.07,578.24,25.91,829.12,250.88,0
2024-06-01,2024.0,Florería Central,Orquídeas,43.0,45.77,1968.11,74.28,3194.04,1225.93,2
2025-01-12,2025.0,Jardín Express,Tulipanes,10.0,24.32,243.2,33.66,336.6,93.4,1
2025-08-10,2025.0,EcoFlores Norte,Orquídeas,20.0,47.78,955.6,67.71,1354.2,398.6,2
2025-08-21,2025.0,EcoFlores Norte,Tulipanes,13.0,24.29,315.77,41.9,544.7,228.93,1
2025-09-20,2025.0,Florería Central,Orquídeas,36.0,45.2,1627.2,61.15,2201.4,574.2,2
2024-12-07,2024.0,Jardín Express,Girasoles,7.0,14.56,101.92,19.65,137.55,35.63,0
2024-01-27,2024.0,Portal de las Flores,Lirios,5.0,17.45,87.25,23.46,117.3,30.05,1
2024-10-13,2024.0,Florería Central,Orquídeas,40.0,48.75,1950.0,83.88,3355.2,1405.2,2
2025-10-07,2025.0,Portal de las Flores,Tulipanes,11.0,26.84,295.24,35.22,387.42,92.18,1
2025-09-01,2025.0,Portal de las Flores,Orquídeas,24.0,39.99,959.76,52.35,1256.4,296.64,2
2024-09-24,2024.0,Jardín Express,Rosas,9.0,15.65,140.85,25.75,231.75,90.9,0
2025-03-30,2025.0,Jardín Express,Tulipanes,15.0,24.09,361.35,37.29,559.35,198.0,1
2025-11-15,2025.0,EcoFlores Norte,Rosas,18.0,18.52,333.36,28.0,504.0,170.64,0
2025-02-04,2025.0,Jardín Express,Rosas,2.0,19.01,38.02,32.92,65.84,27.82,0
2025-04-20,2025.0,Jardín Express,Rosas,8.0,15.76,126.08,26.12,208.96,82.88,0
2025-12-02,2025.0,EcoFlores Norte,Tulipanes,20.0,21.47,429.4,33.86,677.2,247.8,1
2025-09-25,2025.0,Jardín Express,Rosas,4.0,16.97,67.88,27.69,110.76,42.88,0
2025-07-11,2025.0,EcoFlores Norte,Lirios,15.0,16.65,249.75,28.45,426.75,177.0,1
2025-07-29,2025.0,Florería Central,Orquídeas,30.0,41.09,1232.7,58.09,1742.7,510.0,2
2024-05-09,2024.0,Florería Central,Rosas,35.0,17.73,620.55,29.73,1040.55,420.0,0
2024-12-28,2024.0,Florería Central,Girasoles,36.0,14.87,535.32,23.48,845.28,309.96,1
2025-12-05,2025.0,Jardín Express,Rosas,6.0,20.12,120.72,30.77,184.62,63.9,0
2025-11-23,2025.0,Portal de las Flores,Girasoles,22.0,15.56,342.32,28.0,616.0,273.68,1
2024-10-18,2024.0,EcoFlores Norte,Lirios,17.0,19.53,332.01,33.65,572.05,240.04,1
2025-01-05,2025.0,Florería Central,Lirios,36.0,16.33,587.88,24.28,874.08,286.2,1
2024-01-29,2024.0,Florería Central,Orquídeas,37.0,47.68,1764.16,68.93,2550.41,786.25,2
2024-05-28,2024.0,Florería Central,Rosas,37.0,20.0,740.0,31.13,1151.81,411.81,0
2024-10-22,2024.0,Portal de las Flores,Rosas,32.0,15.37,491.84,26.68,853.76,361.92,0
2024-01-11,2024.0,Jardín Express,Rosas,7.0,15.59,109.13,25.92,181.44,72.31,0
2025-05-26,2025.0,Jardín Express,Tulipanes,13.0,23.43,304.59,41.72,542.36,237.77,1
2025-11-06,2025.0,Jardín Express,Girasoles,5.0,15.82,79.1,27.36,136.8,57.7,0
2024-04-22,2024.0,Florería Central,Girasoles,43.0,12.23,525.89,16.34,702.62,176.73,1
2024-07-05,2024.0,Florería Central,Orquídeas,36.0,51.11,1839.96,76.79,2764.44,924.48,2
2024-08-14,2024.0,EcoFlores Norte,Lirios,21.0,16.57,347.97,24.25,509.25,161.28,1
2024-11-05,2024.0,Portal de las Flores,Rosas,20.0,20.32,406.4,34.92,698.4,292.0,0
2024-04-07,2024.0,Florería Central,Orquídeas,18.0,45.67,822.06,76.46,1376.28,554.22,2
2024-02-24,2024.0,Florería Central,Rosas,33.0,17.29,570.57,26.85,886.05,315.48,0
2025-09-14,2025.0,Jardín Express,Lirios,5.0,18.76,93.8,28.4,142.0,48.2,1
2025-10-25,2025.0,EcoFlores Norte,Rosas,22.0,15.94,350.68,22.51,495.22,144.54,0
2025-02-09,2025.0,Jardín Express,Tulipanes,6.0,21.81,130.86,37.37,224.22,93.36,1
2024-03-09,2024.0,Florería Central,Girasoles,34.0,12.71,432.14,16.91,574.94,142.8,1
2024-11-07,2024.0,Portal de las Flores,Orquídeas,24.0,47.75,1146.0,84.65,2031.6,885.6,2
2024-10-15,2024.0,Portal de las Flores,Orquídeas,16.0,49.8,796.8,77.95,1247.2,450.4,2
2025-07-01,2025.0,Florería Central,Orquídeas,35.0,45.39,1588.65,77.4,2709.0,1120.35,2
2024-05-27,2024.0,EcoFlores Norte,Rosas,11.0,18.71,205.81,27.59,303.49,97.68,0
2025-04-11,2025.0,Jardín Express,Girasoles,7.0,14.18,99.26,19.48,136.36,37.1,0
2024-08-31,2024.0,Portal de las Flores,Orquídeas,17.0,46.09,783.53,76.38,1298.46,514.93,2
2025-05-05,2025.0,EcoFlores Norte,Girasoles,14.0,14.92,208.88,24.44,342.16,133.28,1
2025-05-21,2025.0,Jardín Express,Girasoles,12.0,14.74,176.88,22.24,266.88,90.0,0
2024-12-30,2024.0,Portal de las Flores,Lirios,15.0,15.43,231.45,26.54,398.1,166.65,1
2025-04-26,2025.0,Jardín Express,Girasoles,8.0,16.09,128.72,28.05,224.4,95.68,0
2024-07-19,2024.0,Portal de las Flores,Lirios,12.0,18.2,218.4,26.43,317.16,98.76,1
2024-06-02,2024.0,Jardín Express,Rosas,6.0,18.43,110.58,32.29,193.74,83.16,0
2025-03-25,2025.0,Portal de las Flores,Lirios,13.0,17.64,229.32,25.9,336.7,107.38,1
2025-05-15,2025.0,Jardín Express,Girasoles,9.0,13.14,118.26,22.92,206.28,88.02,0
2024-03-13,2024.0,EcoFlores Norte,Tulipanes,16.0,22.71,363.36,37.98,607.68,244.32,1
2025-12-13,2025.0,EcoFlores Norte,Lirios,10.0,15.42,154.2,25.26,252.6,98.4,1
2024-10-22,2024.0,EcoFlores Norte,Rosas,18.0,18.81,338.58,32.82,590.76,252.18,0
2024-01-17,2024.0,Florería Central,Orquídeas,50.0,39.77,1988.5,63.17,3158.5,1170.0,2
2025-10-02,2025.0,Florería Central,Orquídeas,32.0,42.66,1365.12,68.75,2200.0,834.88,2
2024-08-04,2024.0,Jardín Express,Girasoles,8.0,15.65,125.2,27.97,223.76,98.56,0
2024-03-01,2024.0,Florería Central,Orquídeas,29.0,47.55,1378.95,74.05,2147.45,768.5,2
2025-09-07,2025.0,EcoFlores Norte,Tulipanes,15.0,25.34,380.1,42.81,642.15,262.05,1
2024-02-11,2024.0,Portal de las Flores,Lirios,21.0,18.59,390.39,31.68,665.28,274.89,1
2024-01-25,2024.0,EcoFlores Norte,Lirios,22.0,17.86,392.92,27.48,604.56,211.64,1
2024-02-08,2024.0,Jardín Express,Girasoles,10.0,13.16,131.6,19.19,191.9,60.3,0
2024-05-10,2024.0,Portal de las Flores,Rosas,22.0,15.47,340.34,25.73,566.06,225.72,0
2025-05-12,2025.0,Portal de las Flores,Lirios,27.0,17.31,467.37,30.14,813.78,346.41,1
2024-08-16,2024.0,Jardín Express,Lirios,5.0,17.06,85.3,30.15,150.75,65.45,1
2024-04-17,2024.0,Florería Central,Lirios,35.0,17.59,615.65,27.11,948.85,333.2,1
2024-06-20,2024.0,Florería Central,Orquídeas,40.0,41.93,1677.2,58.06,2322.4,645.2,2
2025-03-10,2025.0,EcoFlores Norte,Tulipanes,16.0,24.67,394.72,43.62,697.92,303.2,1
2024-04-11,2024.0,Florería Central,Tulipanes,24.0,20.75,498.0,27.3,655.2,157.2,1
2025-06-07,2025.0,Jardín Express,Rosas,12.0,17.89,214.68,23.4,280.8,66.12,0
2024-10-01,2024.0,Florería Central,Rosas,24.0,17.72,425.28,23.68,568.32,143.04,0
2025-09-04,2025.0,Florería Central,Rosas,29.0,19.05,552.45,26.12,757.48,205.03,0
2024-02-13,2024.0,Florería Central,Lirios,40.0,14.48,579.2,24.24,969.6,390.4,1
2024-01-17,2024.0,Florería Central,Lirios,35.0,14.73,515.55,22.25,778.75,263.2,1
2024-11-25,2024.0,Florería Central,Lirios,48.0,15.17,728.16,19.73,947.04,218.88,1
2025-07-22,2025.0,Portal de las Flores,Tulipanes,35.0,21.03,736.05,34.0,1190.0,453.95,1
2025-05-11,2025.0,Florería Central,Orquídeas,39.0,40.44,1577.16,66.2,2581.8,1004.64,2
2024-01-12,2024.0,EcoFlores Norte,Lirios,26.0,15.99,415.74,24.49,636.74,221.0,1
2024-11-13,2024.0,Florería Central,Orquídeas,45.0,50.26,2261.7,78.39,3527.55,1265.85,2
2025-08-14,2025.0,Portal de las Flores,Lirios,18.0,17.87,321.66,31.82,572.76,251.1,1
2024-08-03,2024.0,Portal de las Flores,Tulipanes,22.0,21.03,462.66,31.46,692.12,229.46,1
2024-12-04,2024.0,EcoFlores Norte,Lirios,11.0,19.46,214.06,30.43,334.73,120.67,1
2025-10-22,2025.0,Portal de las Flores,Girasoles,21.0,14.02,294.42,23.19,486.99,192.57,1
2024-03-21,2024.0,Florería Central,Tulipanes,30.0,27.05,811.5,38.27,1148.1,336.6,1
2025-12-27,2025.0,Portal de las Flores,Girasoles,28.0,13.74,384.72,24.27,679.56,294.84,1
2025-04-29,2025.0,Portal de las Flores,Orquídeas,24.0,50.12,1202.88,65.48,1571.52,368.64,2
2025-01-08,2025.0,EcoFlores Norte,Tulipanes,23.0,24.0,552.0,39.35,905.05,353.05,1
2025-12-10,2025.0,Jardín Express,Girasoles,7.0,12.82,89.74,19.42,135.94,46.2,0
2024-07-18,2024.0,Jardín Express,Lirios,6.0,18.81,112.86,30.86,185.16,72.3,1
2025-06-20,2025.0,Jardín Express,Rosas,6.0,15.5,93.0,21.1,126.6,33.6,0
2025-04-10,2025.0,Florería Central,Orquídeas,27.0,51.62,1393.74,73.5,1984.5,590.76,2
2024-03-29,2024.0,Portal de las Flores,Orquídeas,10.0,49.65,496.5,70.48,704.8,208.3,2
2024-09-24,2024.0,Jardín Express,Rosas,7.0,16.54,115.78,25.77,180.39,64.61,0
2025-10-16,2025.0,EcoFlores Norte,Girasoles,13.0,14.64,190.32,19.55,254.15,63.83,1
2025-07-24,2025.0,Jardín Express,Rosas,4.0,19.23,76.92,29.34,117.36,40.44,0
2025-05-03,2025.0,Portal de las Flores,Orquídeas,9.0,51.0,459.0,74.87,673.83,214.83,2
2025-06-21,2025.0,Florería Central,Girasoles,27.0,15.32,413.64,20.19,545.13,131.49,1
2024-02-16,2024.0,Florería Central,Tulipanes,33.0,23.68,781.44,37.96,1252.68,471.24,1
2024-10-14,2024.0,Portal de las Flores,Rosas,5.0,16.58,82.9,27.61,138.05,55.15,0
2024-01-16,2024.0,Jardín Express,Tulipanes,5.0,26.31,131.55,42.29,211.45,79.9,1
2025-12-11,2025.0,Jardín Express,Girasoles,8.0,12.95,103.6,22.25,178.0,74.4,0
2025-02-04,2025.0,Jardín Express,Tulipanes,5.0,23.43,117.15,35.27,176.35,59.2,1
2024-03-26,2024.0,Florería Central,Orquídeas,33.0,42.16,1391.28,55.11,1818.63,427.35,2
2024-09-06,2024.0,EcoFlores Norte,Girasoles,22.0,13.23,291.06,23.64,520.08,229.02,1
2025-01-25,2025.0,Portal de las Flores,Tulipanes,12.0,20.46,245.52,35.18,422.16,176.64,1
2024-11-30,2024.0,Jardín Express,Girasoles,3.0,13.28,39.84,21.32,63.96,24.12,0
2025-09-20,2025.0,Jardín Express,Girasoles,4.0,14.62,58.48,19.33,77.32,18.84,0
2025-06-02,2025.0,Portal de las Flores,Tulipanes,29.0,23.69,687.01,37.31,1081.99,394.98,1
2024-05-16,2024.0,EcoFlores Norte,Girasoles,26.0,13.51,351.26,23.95,622.7,271.44,1
2025-11-18,2025.0,Florería Central,Orquídeas,34.0,40.28,1369.52,62.51,2125.34,755.82,2
2025-05-12,2025.0,Jardín Express,Rosas,7.0,20.14,140.98,36.08,252.56,111.58,0
2025-12-27,2025.0,EcoFlores Norte,Tulipanes,27.0,26.77,722.79,42.52,1148.04,425.25,1
2025-04-21,2025.0,Jardín Express,Girasoles,7.0,12.09,84.63,17.59,123.13,38.5,0
2025-08-16,2025.0,EcoFlores Norte,Lirios,26.0,16.46,427.96,25.45,661.7,233.74,1
2024-08-10,2024.0,Jardín Express,Girasoles,6.0,14.75,88.5,23.67,142.02,53.52,0
2025-02-05,2025.0,EcoFlores Norte,Rosas,20.0,15.5,310.0,22.6,452.0,142.0,0
2025-03-18,2025.0,Florería Central,Tulipanes,34.0,26.54,902.36,45.96,1562.64,660.28,1
2025-05-04,2025.0,Jardín Express,Rosas,8.0,17.05,136.4,30.5,244.0,107.6,0
2025-09-06,2025.0,Jardín Express,Rosas,6.0,15.96,95.76,24.82,148.92,53.16,0
2024-09-29,2024.0,Florería Central,Lirios,50.0,15.52,776.0,21.3,1065.0,289.0,1
2025-06-09,2025.0,EcoFlores Norte,Rosas,22.0,18.67,410.74,31.08,683.76,273.02,0
2024-06-07,2024.0,Jardín Express,Girasoles,4.0,12.23,48.92,20.14,80.56,31.64,0
2024-05-31,2024.0,Portal de las Flores,Girasoles,17.0,15.37,261.29,27.0,459.0,197.71,1
2025-09-11,2025.0,Jardín Express,Girasoles,6.0,12.44,74.64,19.09,114.54,39.9,0
2024-07-06,2024.0,Florería Central,Rosas,40.0,15.44,617.6,25.39,1015.6,398.0,0
2024-04-07,2024.0,Florería Central,Orquídeas,26.0,50.48,1312.48,78.65,2044.9,732.42,2
2024-05-10,2024.0,Florería Central,Girasoles,38.0,13.63,517.94,17.84,677.92,159.98,1
2024-06-19,2024.0,Florería Central,Orquídeas,30.0,47.54,1426.2,67.02,2010.6,584.4,2
2024-07-01,2024.0,EcoFlores Norte,Tulipanes,14.0,22.73,318.22,39.08,547.12,228.9,1
2024-12-29,2024.0,Florería Central,Orquídeas,38.0,41.33,1570.54,59.39,2256.82,686.28,2
2024-02-08,2024.0,Portal de las Flores,Tulipanes,25.0,21.24,531.0,30.51,762.75,231.75,1
2025-06-10,2025.0,EcoFlores Norte,Tulipanes,23.0,25.7,591.1,37.31,858.13,267.03,1
2025-05-11,2025.0,Jardín Express,Rosas,4.0,20.28,81.12,32.13,128.52,47.4,0
2025-05-30,2025.0,EcoFlores Norte,Rosas,15.0,18.93,283.95,32.59,488.85,204.9,0
2025-01-31,2025.0,Portal de las Flores,Tulipanes,14.0,22.2,310.8,32.59,456.26,145.46,1
2025-12-22,2025.0,Portal de las Flores,Lirios,24.0,16.77,402.48,28.05,673.2,270.72,1
2024-06-09,2024.0,Portal de las Flores,Lirios,10.0,18.5,185.0,32.14,321.4,136.4,1
2024-01-16,2024.0,Florería Central,Rosas,46.0,16.77,771.42,28.97,1332.62,561.2,0
2025-05-07,2025.0,Portal de las Flores,Girasoles,17.0,12.32,209.44,20.37,346.29,136.85,1
2025-03-01,2025.0,Jardín Express,Tulipanes,13.0,25.52,331.76,38.78,504.14,172.38,1
2024-04-17,2024.0,Jardín Express,Rosas,8.0,19.63,157.04,29.42,235.36,78.32,0
2025-03-25,2025.0,Portal de las Flores,Orquídeas,20.0,46.93,938.6,68.7,1374.0,435.4,2
2024-11-06,2024.0,Jardín Express,Girasoles,7.0,13.3,93.1,20.28,141.96,48.86,0
2024-06-18,2024.0,Portal de las Flores,Tulipanes,17.0,21.34,362.78,35.38,601.46,238.68,1
2025-06-29,2025.0,Portal de las Flores,Lirios,12.0,17.28,207.36,28.77,345.24,137.88,1
2025-02-17,2025.0,Portal de las Flores,Tulipanes,14.0,23.9,334.6,34.82,487.48,152.88,1
2024-09-07,2024.0,Florería Central,Orquídeas,38.0,44.3,1683.4,69.34,2634.92,951.52,2
2024-05-20,2024.0,Jardín Express,Girasoles,8.0,12.12,96.96,21.11,168.88,71.92,0
2024-09-30,2024.0,Portal de las Flores,Lirios,32.0,19.43,621.76,30.43,973.76,352.0,1
2025-02-19,2025.0,Florería Central,Lirios,23.0,16.54,380.42,27.69,636.87,256.45,1
2025-08-30,2025.0,Jardín Express,Girasoles,6.0,15.26,91.56,24.45,146.7,55.14,0
2024-02-08,2024.0,Jardín Express,Tulipanes,7.0,21.82,152.74,35.2,246.4,93.66,1
2024-01-29,2024.0,Portal de las Flores,Tulipanes,14.0,22.42,313.88,37.34,522.76,208.88,1
2025-04-21,2025.0,EcoFlores Norte,Lirios,26.0,17.48,454.48,29.66,771.16,316.68,1
2024-11-13,2024.0,Jardín Express,Girasoles,8.0,13.09,104.72,17.02,136.16,31.44,0
2024-09-01,2024.0,Florería Central,Tulipanes,28.0,26.44,740.32,34.8,974.4,234.08,1
2025-11-27,2025.0,Portal de las Flores,Rosas,30.0,17.87,536.1,30.3,909.0,372.9,0
2024-09-28,2024.0,Portal de las Flores,Lirios,31.0,16.03,496.93,25.77,798.87,301.94,1
2025-03-15,2025.0,Florería Central,Orquídeas,29.0,47.75,1384.75,77.47,2246.63,861.88,2
2024-08-26,2024.0,Portal de las Flores,Rosas,17.0,19.13,325.21,25.96,441.32,116.11,0
2025-01-11,2025.0,Jardín Express,Lirios,4.0,17.17,68.68,29.39,117.56,48.88,1
2024-09-22,2024.0,EcoFlores Norte,Lirios,13.0,14.99,194.87,24.78,322.14,127.27,1
2024-12-24,2024.0,Jardín Express,Girasoles,3.0,15.19,45.57,27.06,81.18,35.61,0
2024-12-05,2024.0,Portal de las Flores,Rosas,9.0,17.57,158.13,27.07,243.63,85.5,0
2025-01-23,2025.0,Jardín Express,Rosas,12.0,16.37,196.44,23.25,279.0,82.56,0
2025-07-30,2025.0,Jardín Express,Girasoles,11.0,13.11,144.21,18.59,204.49,60.28,0
2025-11-19,2025.0,Jardín Express,Rosas,5.0,20.65,103.25,32.25,161.25,58.0,0
2024-01-03,2024.0,Florería Central,Lirios,25.0,17.1,427.5,25.35,633.75,206.25,1
2025-03-04,2025.0,EcoFlores Norte,Rosas,14.0,16.55,231.7,24.42,341.88,110.18,0
2024-05-21,2024.0,EcoFlores Norte,Orquídeas,19.0,42.16,801.04,66.98,1272.62,471.58,2
2025-01-10,2025.0,Jardín Express,Girasoles,7.0,15.14,105.98,22.98,160.86,54.88,0
2025-10-31,2025.0,Florería Central,Rosas,27.0,16.95,457.65,23.37,630.99,173.34,0
2024-11-19,2024.0,EcoFlores Norte,Lirios,14.0,14.99,209.86,24.65,345.1,135.24,1
2024-05-25,2024.0,Jardín Express,Rosas,12.0,19.26,231.12,33.43,401.16,170.04,0
2024-10-19,2024.0,Portal de las Flores,Tulipanes,24.0,22.99,551.76,31.33,751.92,200.16,1
2025-10-26,2025.0,Portal de las Flores,Girasoles,7.0,14.11,98.77,19.78,138.46,39.69,1
2025-03-07,2025.0,Florería Central,Orquídeas,29.0,44.23,1282.67,63.1,1829.9,547.23,2
2025-12-05,2025.0,Portal de las Flores,Lirios,18.0,14.97,269.46,19.83,356.94,87.48,1
2025-08-07,2025.0,Jardín Express,Girasoles,2.0,14.71,29.42,20.71,41.42,12.0,0
2025-02-02,2025.0,Florería Central,Rosas,27.0,17.41,470.07,29.52,797.04,326.97,0
2024-12-09,2024.0,EcoFlores Norte,Lirios,23.0,15.73,361.79,28.16,647.68,285.89,1
2024-05-19,2024.0,Florería Central,Girasoles,32.0,12.78,408.96,19.79,633.28,224.32,1
2024-07-05,2024.0,Jardín Express,Girasoles,11.0,14.82,163.02,21.8,239.8,76.78,0
2024-03-01,2024.0,Portal de las Flores,Girasoles,10.0,12.19,121.9,19.44,194.4,72.5,1
2025-01-14,2025.0,Florería Central,Orquídeas,37.0,40.67,1504.79,57.46,2126.02,621.23,2
2025-12-10,2025.0,Jardín Express,Girasoles,4.0,13.28,53.12,21.17,84.68,31.56,0
2025-03-15,2025.0,Jardín Express,Rosas,8.0,20.15,161.2,30.7,245.6,84.4,0
2024-11-14,2024.0,EcoFlores Norte,Orquídeas,21.0,39.21,823.41,54.69,1148.49,325.08,2
2024-10-28,2024.0,Florería Central,Orquídeas,27.0,38.52,1040.04,59.31,1601.37,561.33,2
2024-12-09,2024.0,Portal de las Flores,Lirios,23.0,14.66,337.18,20.53,472.19,135.01,1
2024-01-11,2024.0,Portal de las Flores,Girasoles,14.0,14.04,196.56,21.6,302.4,105.84,1
2024-03-02,2024.0,Portal de las Flores,Tulipanes,9.0,20.61,185.49,33.03,297.27,111.78,1
2024-08-13,2024.0,Portal de las Flores,Orquídeas,24.0,48.33,1159.92,83.56,2005.44,845.52,2
2024-06-01,2024.0,Jardín Express,Rosas,6.0,16.3,97.8,23.97,143.82,46.02,0
2025-12-11,2025.0,Florería Central,Orquídeas,34.0,48.3,1642.2,77.75,2643.5,1001.3,2
2025-07-17,2025.0,Portal de las Flores,Lirios,26.0,16.65,432.9,28.19,732.94,300.04,1
2025-07-24,2025.0,Jardín Express,Rosas,6.0,18.58,111.48,29.5,177.0,65.52,0
2025-08-06,2025.0,EcoFlores Norte,Girasoles,13.0,12.66,164.58,19.42,252.46,87.88,1
2025-10-21,2025.0,Florería Central,Orquídeas,39.0,49.51,1930.89,76.49,2983.11,1052.22,2
2025-07-28,2025.0,Florería Central,Tulipanes,34.0,22.68,771.12,32.68,1111.12,340.0,1
2024-11-05,2024.0,Florería Central,Orquídeas,31.0,38.39,1190.09,61.93,1919.83,729.74,2
2024-08-30,2024.0,EcoFlores Norte,Lirios,23.0,16.73,384.79,28.36,652.28,267.49,1
2025-05-07,2025.0,Portal de las Flores,Girasoles,18.0,13.57,244.26,22.69,408.42,164.16,1
2024-12-31,2024.0,Jardín Express,Tulipanes,4.0,22.52,90.08,32.4,129.6,39.52,1
2024-11-25,2024.0,EcoFlores Norte,Girasoles,20.0,12.62,252.4,20.59,411.8,159.4,1
2024-04-16,2024.0,EcoFlores Norte,Lirios,4.0,17.32,69.28,28.33,113.32,44.04,1
2024-08-13,2024.0,EcoFlores Norte,Tulipanes,13.0,24.76,321.88,33.3,432.9,111.02,1
2024-08-05,2024.0,Jardín Express,Girasoles,8.0,12.64,101.12,16.84,134.72,33.6,0
2025-05-20,2025.0,EcoFlores Norte,Girasoles,23.0,15.92,366.16,24.67,567.41,201.25,1
2024-09-15,2024.0,Portal de las Flores,Lirios,19.0,18.77,356.63,27.75,527.25,170.62,1
2025-05-31,2025.0,Florería Central,Tulipanes,15.0,23.63,354.45,42.31,634.65,280.2,1
2024-02-23,2024.0,Jardín Express,Girasoles,8.0,15.1,120.8,26.84,214.72,93.92,0
2024-02-16,2024.0,Jardín Express,Girasoles,12.0,12.53,150.36,19.87,238.44,88.08,0
2025-12-27,2025.0,Portal de las Flores,Orquídeas,22.0,41.33,909.26,53.97,1187.34,278.08,2
2025-11-19,2025.0,Jardín Express,Girasoles,10.0,11.91,119.1,20.67,206.7,87.6,0
2025-06-04,2025.0,Florería Central,Tulipanes,26.0,24.63,640.38,32.81,853.06,212.68,1
2024-04-08,2024.0,EcoFlores Norte,Tulipanes,11.0,22.8,250.8,37.94,417.34,166.54,1
2024-01-20,2024.0,EcoFlores Norte,Tulipanes,16.0,22.34,357.44,31.35,501.6,144.16,1
2025-07-26,2025.0,Florería Central,Orquídeas,39.0,41.78,1629.42,74.89,2920.71,1291.29,2
2025-05-04,2025.0,EcoFlores Norte,Rosas,10.0,19.54,195.4,31.98,319.8,124.4,0
2025-02-22,2025.0,EcoFlores Norte,Girasoles,19.0,15.73,298.87,26.26,498.94,200.07,1
2025-11-20,2025.0,Portal de las Flores,Girasoles,21.0,15.44,324.24,21.65,454.65,130.41,1
2024-03-02,2024.0,Florería Central,Lirios,32.0,18.55,593.6,33.35,1067.2,473.6,1
2024-05-24,2024.0,Portal de las Flores,Lirios,22.0,16.68,366.96,26.02,572.44,205.48,1
2024-08-03,2024.0,EcoFlores Norte,Lirios,19.0,17.9,340.1,27.95,531.05,190.95,1
2024-01-03,2024.0,Portal de las Flores,Lirios,22.0,15.24,335.28,22.8,501.6,166.32,1
2024-06-08,2024.0,Florería Central,Tulipanes,42.0,21.06,884.52,32.79,1377.18,492.66,1
2024-04-29,2024.0,Portal de las Flores,Tulipanes,24.0,21.7,520.8,37.0,888.0,367.2,1
2024-11-24,2024.0,Florería Central,Girasoles,25.0,13.68,342.0,19.9,497.5,155.5,1
2025-08-02,2025.0,Portal de las Flores,Tulipanes,27.0,26.07,703.89,35.41,956.07,252.18,1
2024-12-22,2024.0,EcoFlores Norte,Lirios,23.0,15.92,366.16,22.17,509.91,143.75,1
2025-09-01,2025.0,Portal de las Flores,Girasoles,25.0,13.24,331.0,18.88,472.0,141.0,1
2024-09-23,2024.0,Florería Central,Orquídeas,44.0,41.81,1839.64,61.81,2719.64,880.0,2
2025-09-08,2025.0,Florería Central,Orquídeas,25.0,44.01,1100.25,69.04,1726.0,625.75,2
2024-11-18,2024.0,EcoFlores Norte,Orquídeas,16.0,45.4,726.4,67.91,1086.56,360.16,2
2025-09-26,2025.0,Florería Central,Orquídeas,46.0,45.56,2095.76,66.61,3064.06,968.3,2
2025-06-24,2025.0,Florería Central,Tulipanes,37.0,27.28,1009.36,45.48,1682.76,673.4,1
2025-10-10,2025.0,Florería Central,Orquídeas,43.0,47.15,2027.45,70.68,3039.24,1011.79,2
2024-07-13,2024.0,Portal de las Flores,Orquídeas,23.0,49.08,1128.84,84.56,1944.88,816.04,2
2024-11-27,2024.0,Florería Central,Rosas,26.0,17.49,454.74,28.68,745.68,290.94,0
2024-06-18,2024.0,Jardín Express,Rosas,13.0,16.86,219.18,24.08,313.04,93.86,0
2025-06-04,2025.0,Florería Central,Tulipanes,37.0,26.75,989.75,41.27,1526.99,537.24,1
2025-04-07,2025.0,Jardín Express,Rosas,10.0,17.93,179.3,26.13,261.3,82.0,0
2024-02-09,2024.0,Jardín Express,Rosas,3.0,16.85,50.55,24.17,72.51,21.96,0
